adult,backdrop_path,genre_ids,id,original_language,original_title,overview,popularity,poster_path,release_date,title,video,vote_average,vote_count,genre_names
False,/6yeVcxFR0j08vlv2OlL6zbewm4D.jpg,"28, 878, 53",1265609,en,War Machine,"On one last grueling mission during Army Ranger training, a combat engineer must lead his unit in a fight against a giant otherworldly killing machine.",698.3936,/rFhKkXhk7ClU03jQ5rHIApJDwev.jpg,2026-02-12,War Machine,False,7.183,466,"Action, Science Fiction, Thriller"
False,/nHxWyy18SvAZ8jJeemtS8k1UNjM.jpg,"28, 80, 53",1290821,en,Shelter,"A man living in self-imposed exile on a remote island rescues a young girl from a violent storm, setting off a chain of events that forces him out of seclusion to protect her from enemies tied to his past.",326.8723,/buPFnHZ3xQy6vZEHxbHgL1Pc6CR.jpg,2026-01-28,Shelter,False,6.719,262,"Action, Crime, Thriller"
False,/hYgUkH7TusddHRtelj53I6gFOWR.jpg,"28, 53",799882,en,The Bluff,"When her tranquil life on a remote island is shattered by the return of her vengeful former captain, a skilled ex-pirate must confront her bloody past and unleash her deadly talents to save her family from a ruthless siege.",238.5567,/w0jwjFmRu2or7LQqh1tSMFjq0At.jpg,2026-02-17,The Bluff,False,6.253,229,"Action, Thriller"
False,/finq0JnC6tIMkKczzyxLJjgWFfT.jpg,"27, 9648",1193501,en,Whistle,"A misfit group of unwitting high school students stumble upon a cursed object, an ancient Aztec Death Whistle. They discover that blowing the whistle and the terrifying sound it emits will summon their future deaths to hunt them down.",152.8173,/84vAcFwxoObBuMWANWQXCg0Umg8.jpg,2026-01-20,Whistle,False,6.052,116,"Horror, Mystery"
False,/2RrLuIfIzGWWIH8IAEo6o0IYHmx.jpg,"16, 10751, 878, 12, 35",1327819,en,Hoppers,"Scientists have discovered how to 'hop' human consciousness into lifelike robotic animals, allowing people to communicate with animals as animals. Animal lover Mabel seizes an opportunity to use the technology, uncovering mysteries within the animal world beyond anything she could have imagined.",142.8862,/xjtWQ2CL1mpmMNwuU5HeS4Iuwuu.jpg,2026-03-04,Hoppers,False,7.677,127,"Animation, Family, Science Fiction, Adventure, Comedy"
False,/nTbO6UF944b0VZrgypMK5rFYRSW.jpg,"9648, 18, 27",680493,en,Return to Silent Hill,"When James receives a mysterious letter from his lost love Mary, he is drawn to Silent Hill—a once-familiar town now consumed by darkness. As he searches for her, James faces monstrous creatures and unravels a terrifying truth that will push him to the edge of his sanity.",126.9053,/fqAGFN2K2kDL0EHxvJaXzaMUkkt.jpg,2026-01-21,Return to Silent Hill,False,5.037,256,"Mystery, Drama, Horror"
False,/7HKpc11uQfxnw0Y8tRUYn1fsKqE.jpg,"878, 28, 53",1236153,en,Mercy,"In the near future, a detective stands on trial accused of murdering his wife. He has ninety minutes to prove his innocence to the advanced AI Judge he once championed, before it determines his fate.",140.1336,/pyok1kZJCfyuFapYXzHcy7BLlQa.jpg,2026-01-20,Mercy,False,7.059,683,"Science Fiction, Action, Thriller"
False,/u9jE0R1nvkmdWu3bt7Op8joPywa.jpg,"12, 53, 878",840464,en,Greenland 2: Migration,"Having found the safety of the Greenland bunker after the comet Clarke decimated the Earth, the Garrity family must now risk everything to embark on a perilous journey across the wasteland of Europe to find a new home.",134.7811,/z2tqCJLsw6uEJ8nJV8BsQXGa3dr.jpg,2026-01-07,Greenland 2: Migration,False,6.49,570,"Adventure, Thriller, Science Fiction"
False,/1gLFGrxHqQebqLWpISmoFR6XWtJ.jpg,"28, 53",1088434,en,Hellfire,A drifter with a mysterious past arrives in a small town and finds the residents in the grip of a ruthless crime boss and realizes he has to help them.,126.2264,/tQti9QTf13MfzNpXguijgNh7ojE.jpg,2026-02-05,Hellfire,False,6.89,50,"Action, Thriller"
False,/lmns2jlRmATs8OGWKcCkgrbHLM4.jpg,"28, 18",1634301,te,Vanaveera,A descendant of the Vanara clan is pushed into conflict when a modern-day Ravana seizes his only bike for an election rally. What starts as a petty injustice soon erupts into a fierce fight for self-respect and dignity.,119.2844,/oBYExKI8E3bTzQjPkofhpV2EJon.jpg,2026-02-13,Vanaveera,False,7.0,3,"Action, Drama"
False,/hz7TdCrpLLt2Dz7S3PS2HG9rpAO.jpg,"27, 9648, 80",1159559,en,Scream 7,"When a new Ghostface killer emerges in the quiet town where Sidney Prescott has built a new life, her darkest fears are realized as her daughter becomes the next target. Determined to protect her family, Sidney must face the horrors of her past to put an end to the bloodshed once and for all.",109.997,/jjyuk0edLiW8vOSnlfwWCCLpbh5.jpg,2026-02-25,Scream 7,False,5.969,276,"Horror, Mystery, Crime"
False,/lgotja3xMoJZbynwHfcQcJAEMWH.jpg,"16, 35, 12, 10751, 9648",1084242,en,Zootopia 2,"After cracking the biggest case in Zootopia's history, rookie cops Judy Hopps and Nick Wilde find themselves on the twisting trail of a great mystery when Gary De'Snake arrives and turns the animal metropolis upside down. To crack the case, Judy and Nick must go undercover to unexpected new parts of town, where their growing partnership is tested like never before.",116.1516,/oJ7g2CifqpStmoYQyaLQgEU32qO.jpg,2025-11-26,Zootopia 2,False,7.619,1994,"Animation, Comedy, Adventure, Family, Mystery"
False,/cz4vLJrmaV1zJlRYbxqtvLzeLWB.jpg,"28, 35, 80, 9648",1168190,en,The Wrecking Crew,"Estranged half-brothers Jonny and James reunite after their father's mysterious death. As they search for the truth, buried secrets reveal a conspiracy threatening to tear their family apart.",113.6499,/gbVwHl4YPSq6BcC92TQpe7qUTh6.jpg,2026-01-28,The Wrecking Crew,False,6.892,758,"Action, Comedy, Crime, Mystery"
False,/sdZSjtGUTSN8B3al5o0f2WoQfQQ.jpg,"878, 12, 14",83533,en,Avatar: Fire and Ash,"In the wake of the devastating war against the RDA and the loss of their eldest son, Jake Sully and Neytiri face a new threat on Pandora: the Ash People, a violent and power-hungry Na'vi tribe led by the ruthless Varang. Jake's family must fight for their survival and the future of Pandora in a conflict that pushes them to their emotional and physical limits.",105.7912,/bRBeSHfGHwkEpImlhxPmOcUsaeg.jpg,2025-12-17,Avatar: Fire and Ash,False,7.267,1873,"Science Fiction, Adventure, Fantasy"
False,/tn95fumbkVAgXjOuw9CQOg0aYQz.jpg,"28, 80, 18, 53",1419406,zh,The Shadow's Edge,Macau Police brings the tracking expert police officer out of retirement to help catch a dangerous group of professional thieves.,106.7239,/e0RU6KpdnrqFxDKlI3NOqN8nHL6.jpg,2025-08-16,The Shadow's Edge,False,7.211,481,"Action, Crime, Drama, Thriller"
False,/jtUHnlGbcq70uHLJ36ZnkF5MJdc.jpg,"27, 878, 35",696393,en,Cold Storage,"When a mutating, highly contagious fungus escapes a sealed facility, two employees – joined by a grizzled bioterror operative – must survive the wildest night shift ever to save humanity from extinction.",110.7146,/gZgWy4SDBDr5qmn2ql6H0uO7hMY.jpg,2026-01-22,Cold Storage,False,6.5,114,"Horror, Science Fiction, Comedy"
False,,"10749, 18",1523145,ru,Tvoe serdtse budet razbito,"High school student Polina is saved from bullying at her new school and makes a deal with the main bully Bars: he must pretend to be her boyfriend and protect her, and she must do everything he says. During this game, the couple develops real feelings, but her family and classmates have reasons to separate the lovers.",108.1875,/iGpMm603GUKH2SiXB2S5m4sZ17t.jpg,2026-03-26,Your Heart Will Be Broken,False,0.0,0,"Romance, Drama"
False,/lNYympQM5O6QSInusbyG9eJDIe4.jpg,"16, 28, 14",1311031,ja,劇場版「鬼滅の刃」無限城編 第一章 猗窩座再来,"The Demon Slayer Corps are drawn into the Infinity Castle, where Tanjiro, Nezuko, and the Hashira face terrifying Upper Rank demons in a desperate fight as the final battle against Muzan Kibutsuji begins.",101.9872,/fWVSwgjpT2D78VUh6X8UBd2rorW.jpg,2025-07-18,Demon Slayer: Kimetsu no Yaiba Infinity Castle,False,7.659,756,"Animation, Action, Fantasy"
False,/5hH7QiEPOiz7aGa4eJce74kZkO1.jpg,"878, 27, 35",1159831,en,The Bride!,A lonely Frankenstein travels to 1930s Chicago to ask groundbreaking scientist Dr. Euphronious to create a companion for him. The two revive a murdered young woman and The Bride is born. But what ensues is beyond what either of them imagined.,94.7987,/lV8YHwGkYZsm6EfIqnhaSz2avKt.jpg,2026-03-04,The Bride!,False,6.4,125,"Science Fiction, Horror, Comedy"
False,/zTnAnYIn0Iv3cn0ZHlzLhou3ybm.jpg,"18, 9648, 53",1368166,en,The Housemaid,"Trying to escape her past, Millie Calloway accepts a job as a live-in housemaid for the wealthy Nina and Andrew Winchester. But what begins as a dream job quickly unravels into something far more dangerous—a sexy, seductive game of secrets, scandal, and power.",92.164,/cWsBscZzwu5brg9YjNkGewRUvJX.jpg,2025-12-18,The Housemaid,False,7.259,1451,"Drama, Mystery, Thriller"
False,/iZLqwEwUViJdSkGVjePGhxYzbDb.jpg,"878, 53",755898,en,War of the Worlds,"Will Radford is a top analyst for Homeland Security who tracks potential threats through a mass surveillance program, until one day an attack by an unknown entity leads him to question whether the government is hiding something from him... and from the rest of the world.",92.9105,/yvirUYrva23IudARHn3mMGVxWqM.jpg,2025-07-29,War of the Worlds,False,4.162,915,"Science Fiction, Thriller"
False,/gaKFXcB5J1gz0QqYj8bWIfrPc04.jpg,"28, 878, 12",1242898,en,Predator: Badlands,"Cast out from his clan, a young Predator finds an unlikely ally in a damaged android and embarks on a treacherous journey in search of the ultimate adversary.",80.8125,/erTRAi241eYF4K8KoGGOI8kFPox.jpg,2025-11-05,Predator: Badlands,False,7.712,2312,"Action, Science Fiction, Adventure"
False,/bAFnjhweXxHUWjmFzMTuX12Ud3b.jpg,53,1199193,en,Pose,"Isolated in a grand country manor, a reclusive artist spends a passionate and paranoid weekend with his ex-lover, an obsessive fan, and a potential muse. Hoping to spark a new wave of artistic brilliance over the course of a few tumultuous days, filled with chaos and revelation not all of them will make it out alive.",74.6458,/qhyyyWrHUbl6QG4udAJj17CBa5.jpg,2026-02-25,Pose,False,7.0,21,Thriller
False,/O50sdY6JEwpU7cQRaFtTO9eSAk.jpg,28,1499984,en,Gladiator Underground,"Two brothers compete in the world's deadliest underground fighting tournament, where they must decide whether to play by the rules or to cast their honor aside and team up to bring down the dark syndicate running the tournament.",73.5531,/qLN16AeIjS5P5Kk5B6pBi1Mh1mi.jpg,2025-08-22,Gladiator Underground,False,6.981,26,Action
False,/1Xdsq7U7bvJJd2X7Jg4qNaKVkYO.jpg,"28, 53, 80, 18",1426964,pt,Salve Geral: Irmandade,"As São Paulo erupts in an unprecedented wave of violence, a lawyer with underworld ties must strike a deal with the police to rescue her kidnapped niece.",69.7644,/3Eaqedg8MAlnP51GYY8MCSIdTnV.jpg,2026-02-10,State of Fear,False,5.402,56,"Action, Thriller, Crime, Drama"
False,/hHDNOlATHhre4eZ7aYz5cdyJLik.jpg,"27, 53, 878",1272837,en,28 Years Later: The Bone Temple,Dr. Kelson finds himself in a shocking new relationship - with consequences that could change the world as they know it - and Spike's encounter with Jimmy Crystal becomes a nightmare he can't escape.,69.5689,/kK1BGkG3KAvWB0WMV1DfOx9yTMZ.jpg,2026-01-14,28 Years Later: The Bone Temple,False,7.193,781,"Horror, Thriller, Science Fiction"
False,/3F2EXWF1thX0BdrVaKvnm6mAhqh.jpg,"28, 53, 80",1306368,en,The Rip,"Trust frays when a team of Miami cops discovers millions in cash inside a run-down stash house, calling everyone — and everything — into question.",65.3043,/4wsYWH73Hb1B6noGIFaRQSAkuXj.jpg,2026-01-13,The Rip,False,7.066,1343,"Action, Thriller, Crime"
False,/eJ0HooOOD1uzI39CfOQNWIiWKlJ.jpg,"28, 18, 53",1387382,en,Hunting Season,"When a reclusive survivalist and his daughter rescue a mysterious, wounded woman from a river, they become entangled in a deadly web of violence and revenge, forcing them to confront a brutal criminal to survive.",64.8942,/cbryTyaWdqrKpQCw6K7zm2jrB5v.jpg,2025-12-05,Hunting Season,False,6.972,145,"Action, Drama, Thriller"
False,/vOV4Qy3g791OTzEndiSGoJwuI2M.jpg,"53, 28, 12, 18, 14",1401778,en,Turbulence,"Young married couple Zach and Emmy decide to take a hot air balloon trip across the Italian Dolomites to rekindle their relationship. When they and pilot Harry are joined by a third passenger, Julia, events unfold in ways they could never imagine five thousand meters in the air.",64.6123,/jRuiKL4S9UpLma2ZlM47xIu2gbe.jpg,2025-11-26,Turbulence,False,5.759,58,"Thriller, Action, Adventure, Drama, Fantasy"
False,/eUERZRVjCTNdgnESlQxyaOJ2d4K.jpg,28,1584215,en,The Internship,"A CIA-trained assassin recruits other graduates from her secret childhood program, The Internship, to violently destroy the organization. The CIA fights back with deadly force.",63.6137,/fYqSOkix4rbDiZW0ACNnvZCpT6X.jpg,2026-01-13,The Internship,False,6.2,52,Action
False,/oN4TQ1TxchynXlFiXFBL3NHLT54.jpg,"16, 10751, 18",1167307,en,David,"From the songs of his mother’s heart to the whispers of a faithful God, David’s story begins in quiet devotion. When the giant Goliath rises to terrorize a nation, a young shepherd armed with only a sling, a few stones, and unshakable faith steps forward. Pursued by power and driven by purpose, his journey tests the limits of loyalty, love, and courage—culminating in a battle not just for a crown, but for the soul of a kingdom.",61.8109,/7lFG1WrCwAxBfyGK8ahlBVzXno7.jpg,2025-12-14,David,False,8.1,101,"Animation, Family, Drama"
False,/vSQSYd2zZTqc0zmHImwWEGGluMI.jpg,"10749, 18",1316092,en,"""Wuthering Heights""","Tragedy strikes when Heathcliff falls in love with Catherine Earnshaw, a woman from a wealthy family in 18th-century England.",60.1738,/3YBce6dTh1D5oCMITXk2S5QhPt.jpg,2026-02-11,"""Wuthering Heights""",False,6.403,478,"Romance, Drama"
False,/gre7gyocZSuwd7M51CGlqsJqBmB.jpg,"53, 80, 28",1054867,en,One Battle After Another,"Washed-up revolutionary Bob exists in a state of stoned paranoia, surviving off-grid with his spirited, self-reliant daughter, Willa. When his evil nemesis resurfaces after 16 years and she goes missing, the former radical scrambles to find her, father and daughter both battling the consequences of his past.",59.8839,/lbBWwxBht4JFP5PsuJ5onpMqugW.jpg,2025-09-23,One Battle After Another,False,7.409,3022,"Thriller, Crime, Action"
False,/dbvUYL1dN75xFH1QqQWQi4xYCuJ.jpg,53,1555951,tl,Salikmata,"In a remote town full of secrets and mysteries, a young man faces controversy after his secret relationship with a politician’s daughter is exposed. He must confront harsh consequences filled with deception, revenge, and unexplained events.",58.4413,/yE87eY4g9K8Z4qSNPvpvxWZRwQG.jpg,2025-10-22,Salikmata,False,4.5,2,Thriller
False,/gtKglOSEq3d4MgQE4VsrT1sRkd0.jpg,"16, 28, 14",1539104,ja,劇場版 呪術廻戦「渋谷事変 特別編集版」×「死滅回游 先行上映」,"A veil abruptly descends over the busy Shibuya area amid the bustling Halloween crowds, trapping countless civilians inside. Satoru Gojo, the strongest jujutsu sorcerer, steps into the chaos. But lying in wait are curse users and spirits scheming to seal him away. Yuji Itadori, accompanied by his classmates and other top-tier jujutsu sorcerers, enters the fray in an unprecedented clash of curses — the Shibuya Incident. In the aftermath, ten colonies across Japan are transformed into dens of curses in a plan orchestrated by Noritoshi Kamo. As the deadly Culling Game starts, Special Grade sorcerer Yuta Okkotsu is assigned to carry out Yuji's execution for his perceived crimes. A compilation movie of Shibuya Incident including the first two episodes of the Culling Games arc.",58.0499,/v0s3dx6am0RzfsuK3KdEy8ZoCDs.jpg,2025-11-07,JUJUTSU KAISEN: Execution,False,5.786,84,"Animation, Action, Fantasy"
False,/pAyImoslSnpMgjRwhaS5ZEdl8UI.jpg,"28, 53",1448560,en,Wildcat,An ex-black ops team reunite to pull off a desperate heist in order to save the life of their leader’s eight-year-old daughter.,57.7607,/h893ImjM6Fsv5DFhKJdlZFZIJno.jpg,2025-11-19,Wildcat,False,6.191,128,"Action, Thriller"
False,/wCwZ4ljSsWyZyTiyk1tGQtBHTDx.jpg,"28, 18",1511417,te,Bāhubali: The Epic,"When a mysterious child is found by a tribal couple near a roaring waterfall, they raise him as their own. As he grows, Sivudu is drawn to the world beyond the cliffs, where he discovers the ancient kingdom of Mahishmati, ruled by a cruel tyrant, haunted by rebellion, and bound to his past. What begins as a quest for love soon unravels a legacy of betrayal, sacrifice, and a forgotten prince.",57.2721,/z9YIo2qscyaXYgRqIdRJtND3bw8.jpg,2025-10-29,Bāhubali: The Epic,False,6.0,32,"Action, Drama"
False,/6D6M5z4reppUxo2cnBEKI02Csp1.jpg,"28, 80, 53, 37",1601243,en,Oscar Shaw,"After retiring from the police force, a relentless detective haunted by the tragic loss of his closest friend sets out on a perilous quest for vengeance, seeking redemption and fighting to restore justice to the streets he once swore to protect.",57.2696,/tsE3nySukwrfUjouz8vzvKTcXNC.jpg,2026-01-09,Oscar Shaw,False,6.6,25,"Action, Crime, Thriller, Western"
False,/3iMoYSbI72Nwsvi7uSpqReLJVa6.jpg,18,1317288,en,Marty Supreme,"Marty Mauser, a young man with a dream no one respects, goes to hell and back in pursuit of greatness.",56.3315,/lYWEXbQgRTR4ZQleSXAgRbxAjvq.jpg,2025-12-19,Marty Supreme,False,7.5,1220,Drama
False,/wt0gb7ISUf8IyaJ4tnZVltvWoo7.jpg,27,1353333,en,Mouseboat Massacre,The story follows a young woman battling a drug addiction who suddenly begins to see a mutated mouse human hybrid who infests her life. Those around her begin to drop like flies.,56.2465,/ctKqevqOwbeVg5GLQLu5VvnCjan.jpg,2025-05-09,Mouseboat Massacre,False,5.446,28,Horror
False,/wt0gb7ISUf8IyaJ4tnZVltvWoo7.jpg,27,1353333,en,Mouseboat Massacre,The story follows a young woman battling a drug addiction who suddenly begins to see a mutated mouse human hybrid who infests her life. Those around her begin to drop like flies.,49.1182,/ctKqevqOwbeVg5GLQLu5VvnCjan.jpg,2025-05-09,Mouseboat Massacre,False,5.446,28,Horror
False,/pGFQCp12a8andfPlpnmXz44IIvY.jpg,"878, 28, 12",24428,en,The Avengers,"When an unexpected enemy emerges and threatens global safety and security, Nick Fury, director of the international peacekeeping agency known as S.H.I.E.L.D., finds himself in need of a team to pull the world back from the brink of disaster. Spanning the globe, a daring recruitment effort begins!",50.9077,/RYMX2wcKCBAr24UyPD7xwmjaTn.jpg,2012-04-25,The Avengers,False,7.962,36364,"Science Fiction, Action, Adventure"
False,/swxhEJsAWms6X1fDZ4HdbvYBSf9.jpg,"12, 35, 27, 28",1234731,en,Anaconda,"A group of friends facing mid-life crises head to the rainforest with the intention of remaking their favorite movie from their youth, only to find themselves in a fight for their lives against natural disasters, giant snakes and violent criminals.",56.652,/qxMv3HwAB3XPuwNLMhVRg795Ktp.jpg,2025-12-24,Anaconda,False,5.849,745,"Adventure, Comedy, Horror, Action"
False,/dHSz0tSFuO2CsXJ1CApSauP9Ncl.jpg,"53, 80",425274,en,Now You See Me: Now You Don't,"The original Four Horsemen reunite with a new generation of illusionists to take on powerful diamond heiress Veronika Vanderberg, who leads a criminal empire built on money laundering and trafficking. The new and old magicians must overcome their differences to work together on their most ambitious heist yet.",53.9452,/oD3Eey4e4Z259XLm3eD3WGcoJAh.jpg,2025-11-12,Now You See Me: Now You Don't,False,6.53,1193,"Thriller, Crime"
False,/2OHa6ukEq3Hce7Pc2kvu8wkmMFY.jpg,"28, 12, 53, 80, 18",7451,en,xXx,"Xander Cage is your standard adrenaline junkie with no fear and a lousy attitude. When the US Government ""recruits"" him to go on a mission, he's not exactly thrilled. His mission: to gather information on an organization that may just be planning the destruction of the world, led by the nihilistic Yorgi.",53.8283,/xeEw3eLeSFmJgXZzmF2Efww0q3s.jpg,2002-08-09,xXx,False,5.979,4816,"Action, Adventure, Thriller, Crime, Drama"
False,/huW5dZywslw6muqmpDtMl6Ywl3m.jpg,35,10156,en,History of the World: Part I,"An uproarious version of history that proves nothing is sacred – not even the Roman Empire, the French Revolution and the Spanish Inquisition.",30.0341,/6iAl78qZHT65erPXr2YW6Y54wlY.jpg,1981-06-12,History of the World: Part I,False,6.759,898,Comedy
False,/2ssWTSVklAEc98frZUQhgtGHx7s.jpg,"12, 18, 878",157336,en,Interstellar,The adventures of a group of explorers who make use of a newly discovered wormhole to surpass the limitations on human space travel and conquer the vast distances involved in an interstellar voyage.,59.3667,/gEU2QniE6E77NI6lCU6MxlNBvIx.jpg,2014-11-05,Interstellar,False,8.468,39079,"Adventure, Drama, Science Fiction"
False,/daVBzTiyRs4a7vf4SnBoeqJtwRy.jpg,"16, 35, 10751, 14, 12",1497970,zh,猫和老鼠：星盘奇缘,"The iconic cat-and-mouse duo accidentally travel through time in a museum. Along their journey, they meet a group of intriguing new companions and become involved in a final showdown with mysterious forces.",42.381,/5qttWFjsO62k88civZaDMHiBTvy.jpg,2025-08-02,Tom and Jerry: Forbidden Compass,False,5.763,19,"Animation, Comedy, Family, Fantasy, Adventure"
False,/73BClq9FOcrWrutnpiqhCNEWEwJ.jpg,"18, 10749, 36",858024,en,Hamnet,"The powerful story of love and loss that inspired the creation of Shakespeare's timeless masterpiece, Hamlet.",51.6784,/vbeyOZm2bvBXcbgPD3v6o94epPX.jpg,2025-11-26,Hamnet,False,7.73,937,"Drama, Romance, History"
False,/jhfJZ82qzcMV4Kr7G0uczdU4n2v.jpg,18,1629382,fr,Banlieusards 3,"Grieving and facing the consequences of their crimes, the Traoré brothers get one last chance to forge a new path.",49.3118,/vl50ruzFWxrbK4zFz0ySjC3TdyK.jpg,2026-03-04,Street Flow 3,False,5.172,29,Drama
False,/1qwhYqg7YEZajh3Q4biqbuQoDq8.jpg,"16, 35, 10751",1297842,en,GOAT,"A small goat with big dreams gets a once-in-a-lifetime shot to join the pros and play roarball, a high-intensity, co-ed, full-contact sport dominated by the fastest, fiercest animals in the world.",53.7828,/wfuqMlaExcoYiUEvKfVpUTt1v4u.jpg,2026-02-11,GOAT,False,7.5,98,"Animation, Comedy, Family"
False,/filZFYKr17wIJ4j1Cz115DOdegh.jpg,"80, 18, 10752",875828,en,Peaky Blinders: The Immortal Man,"After his estranged son gets embroiled in a Nazi plot, self-exiled gangster Tommy Shelby must return to Birmingham to save his family — and his nation.",52.2717,/gRMalasZEzsZi4w2VFuYusfSfqf.jpg,2026-03-05,Peaky Blinders: The Immortal Man,False,8.7,6,"Crime, Drama, War"
False,/ru0r5MYhIwcU0IddhRLqJpIPkiV.jpg,18,1191876,en,From the Ashes,"Jailed for her husband's crime, a woman discovers that her only way out is to solve riddles from her mysterious past.",48.3179,/aEUH2ECoZHvSmoMzJpca0STF2CZ.jpg,2027-06-01,From the Ashes,False,0.0,0,Drama
False,/cYyNJzwhaj7aC4uTlUctrfaERbf.jpg,"28, 18, 36",1305781,zh,镖人：风起大漠,"Dao Ma, the ""second most wanted fugitive,"" is entrusted by his benefactor, the chief of Mo family clan, to take on a mysterious escort mission-escorting the ""most wanted fugitive"" to Chang'an.",44.4658,/AbunjMKX4P1sDNlKfhYrWkIoRD9.jpg,2026-02-17,Blades of the Guardians: Wind Rises in the Desert,False,7.5,26,"Action, Drama, History"
False,/gmu4liRCTk5nKSiGL6XHFbsJvD8.jpg,27,1451398,ja,カラダ探し THE LAST NIGHT,"Three years after completing a deadly game, high schoolers trapped in a looping nightmare must survive brutal encounters and unravel a terrifying curse.",79.7177,/5MEzNrfvfpSajhSRSA7Jtybu3Jr.jpg,2025-09-05,Re/Member: The Last Night,False,4.571,7,Horror
False,/8QRMlkCMFNKZM2ApnIaut5t4snf.jpg,"53, 9648, 18",1389149,hi,अक्यूज़्ड,"When a celebrated queer doctor in London is accused of sexual misconduct, her life unravels. Now under a storm of suspicion and scrutiny, her marriage fractures and the truth blurs. Her wife must decide whether to walk away, or fight for the woman the world is turning against.",41.4487,/eeP55mdqj4KpWtEPBvZJoxmnkXI.jpg,2026-02-27,Accused,False,5.0,49,"Thriller, Mystery, Drama"
False,/i275mAQP4KhPtYUpMUgBGMmK4WN.jpg,"27, 53, 18",1249508,en,Grizzly Night,"On August 12, 1967, in Montana's Glacier National Park, the unthinkable happened: that same night, nine miles apart, there were not one—but two—fatal grizzly bear attacks.",41.5841,/d3UMQAw5EGRsLEnMfpxorHvbzHg.jpg,2026-01-30,Grizzly Night,False,6.11,41,"Horror, Thriller, Drama"
False,/8h3Ev1xf3WBrzHD4fNOGs790GWZ.jpg,"28, 53",891644,en,Zero,"Two Americans wake up in Dakar, Senegal, with bombs strapped to their chests ticking down from ten hours. Guided by a threatening voice on the phone, these men complete a series of violent tasks that spark widespread protest against Western influence in the city.",33.7737,/5bo30pUJGUpvNP8XS75T3Al8V1R.jpg,2025-04-11,Zero,False,5.967,30,"Action, Thriller"
False,/w3Bi0wygeFQctn6AqFTwhGNXRwL.jpg,"14, 10402, 35, 16",803796,en,KPop Demon Hunters,"When K-pop superstars Rumi, Mira and Zoey aren't selling out stadiums, they're using their secret powers to protect their fans from supernatural threats.",45.8825,/zT7Lhw3BhJbMkRqm9Zlx2YGMsY0.jpg,2025-06-20,KPop Demon Hunters,False,8.066,2485,"Fantasy, Music, Comedy, Animation"
False,/lZYMXx74pWmbj5Q5jp1QaMvmuuR.jpg,"28, 14, 53",1180831,no,Troll 2,"When a dangerous new troll unleashes devastation across their homeland, Nora, Andreas and Major Kris embark on their most perilous mission yet.",45.2978,/p6xAExLNFbHcLfvSuvLPoM8aqZU.jpg,2025-11-30,Troll 2,False,6.5,427,"Action, Fantasy, Thriller"
False,/m5dA4JZsj78EBTa2D6imWOAebwB.jpg,35,4247,en,Scary Movie,"A familiar-looking group of teenagers find themselves being stalked by a more-than-vaguely recognizable masked killer! As the victims begin to pile up and the laughs pile on, none of your favorite scary movies escape the razor-sharp satire of this outrageously funny parody!",40.5005,/fVQFPRuw3yWXojYDJvA5EoFjUOY.jpg,2000-07-07,Scary Movie,False,6.385,7586,Comedy
False,/gMItMzDOyrfQGZsMWRM9tdxq5cV.jpg,"878, 28, 27",1196067,en,Worldbreaker,"Five years ago, a tear in the fabric of reality brought creatures to our world from an alternate dimension bent on our destruction. A father hides his daughter on an island to keep her safe while he prepares her for survival and the battles to come. But when the world is about to break, no place is safe.",42.005,/7K8w6mdrJp0oaSoKWGyjSZ4Zv2z.jpg,2025-10-30,Worldbreaker,False,6.033,90,"Science Fiction, Action, Horror"
False,/nAxGnGHOsfzufThz20zgmRwKur3.jpg,"27, 28, 53",1233413,en,Sinners,"Trying to leave their troubled lives behind, twin brothers return to their hometown to start again, only to discover that an even greater evil is waiting to welcome them back.",44.7496,/qTvFWCGeGXgBRaINLY1zqgTPSpn.jpg,2025-04-16,Sinners,False,7.483,3909,"Horror, Action, Thriller"
False,/efcAOJ9Thm0NHzMk16Bpo4m550G.jpg,"28, 53",1319280,en,Run Baby Run,A young woman has to run for her life.,31.3874,/p9e7gGdYfdRauIbh9dBu6PgzVGP.jpg,2024-08-30,Run Baby Run,False,6.3,7,"Action, Thriller"
False,/hpXBJxLD2SEf8l2CspmSeiHrBKX.jpg,"18, 14, 27",1062722,en,Frankenstein,"Dr. Victor Frankenstein, a brilliant but egotistical scientist, brings a creature to life in a monstrous experiment that ultimately leads to the undoing of both the creator and his tragic creation.",41.6556,/g4JtvGlQO7DByTI6frUobqvSL3R.jpg,2025-10-17,Frankenstein,False,7.66,3079,"Drama, Fantasy, Horror"
False,/aHj7d7wSLqrg5cjAcgHhiGr97Ih.jpg,"28, 53, 878",798645,en,The Running Man,"Desperate to save his sick daughter, working-class Ben Richards is convinced by The Running Man's charming but ruthless producer to enter the deadly competition game as a last resort. But Ben's defiance, instincts, and grit turn him into an unexpected fan favorite — and a threat to the entire system. As ratings skyrocket, so does the danger, and Ben must outwit not just the Hunters, but a nation addicted to watching him fall.",42.9942,/dKL78O9zxczVgjtNcQ9UkbYLzqX.jpg,2025-11-11,The Running Man,False,6.785,1247,"Action, Thriller, Science Fiction"
False,/uM5i623wwNfoGD97iwwQWQ7GlZL.jpg,"18, 878",1032892,en,In the Blink of an Eye,"Three storylines, spanning thousands of years, intersect and reflect on hope, connection, and the circle of life.",37.2773,/4vWqIdoBavo1htxmxlScDniOS9C.jpg,2026-01-26,In the Blink of an Eye,False,4.938,64,"Drama, Science Fiction"
False,/dqK9Hag1054tghRQSqLSfrkvQnA.jpg,"28, 80, 53",155,en,The Dark Knight,"Batman raises the stakes in his war on crime. With the help of Lt. Jim Gordon and District Attorney Harvey Dent, Batman sets out to dismantle the remaining criminal organizations that plague the streets. The partnership proves to be effective, but they soon find themselves prey to a reign of chaos unleashed by a rising criminal mastermind known to the terrified citizens of Gotham as the Joker.",36.2248,/qJ2tW6WMUDux911r6m7haRef0WH.jpg,2008-07-16,The Dark Knight,False,8.527,35309,"Action, Crime, Thriller"
False,/rZWkXnIyTLzUJpHSUpOb7vgB0BL.jpg,"28, 18",911430,en,F1,Racing legend Sonny Hayes is coaxed out of retirement to lead a struggling Formula 1 team—and mentor a young hotshot driver—while chasing one more chance at glory.,40.354,/vqBmyAj0Xm9LnS1xe1MSlMAJyHq.jpg,2025-06-25,F1,False,7.765,3511,"Action, Drama"
False,/6xVAbjvUWKJlPSVYduQgkRzEQNy.jpg,"18, 53",1424965,en,Ice Skater,"A survival drama about an ice skater stranded on an ice floe at the Arctic Sea. When the ice floe starts to float towards south and melt, the ice skater must use all means necessary to survive.",36.3073,/3GdF5fublhF1w0suCpsj1zExzPl.jpg,2026-02-24,Ice Skater,False,5.667,9,"Drama, Thriller"
False,/oz4U9eA6ilYf1tyiVuGmkftdLac.jpg,"18, 10749, 53",1010581,es,Culpa mía,"Noah must leave her city, boyfriend, and friends to move into William Leister's mansion, the flashy and wealthy husband of her mother Rafaela. As a proud and independent 17 year old, Noah resists living in a mansion surrounded by luxury. However, it is there where she meets Nick, her new stepbrother, and the clash of their strong personalities becomes evident from the very beginning.",37.8585,/w46Vw536HwNnEzOa7J24YH9DPRS.jpg,2023-06-08,My Fault,False,7.754,4012,"Drama, Romance, Thriller"
False,/zNriRTr0kWwyaXPzdg1EIxf0BWk.jpg,"878, 12, 28",1234821,en,Jurassic World Rebirth,"Five years after the events of Jurassic World Dominion, covert operations expert Zora Bennett is contracted to lead a skilled team on a top-secret mission to secure genetic material from the world's three most massive dinosaurs. When Zora's operation intersects with a civilian family whose boating expedition was capsized, they all find themselves stranded on an island where they come face-to-face with a sinister, shocking discovery that's been hidden from the world for decades.",36.1126,/1RICxzeoNCAO5NpcRMIgg1XT6fm.jpg,2025-07-01,Jurassic World Rebirth,False,6.303,3091,"Science Fiction, Adventure, Action"
False,/xGPb3wI8lhBxAvUbIM2hRtm8S6b.jpg,"80, 53",1171145,en,Crime 101,"When an elusive thief whose high-stakes heists unfold along the iconic 101 freeway in Los Angeles eyes the score of a lifetime, with hopes of this being his final job, his path collides with a disillusioned insurance broker who is facing her own crossroads. Determined to crack the case, a relentless detective closes in on the operation, raising the stakes even higher.",45.4528,/2HoR2x23bqKpopluoBD1FH3tBi7.jpg,2026-02-11,Crime 101,False,7.0,134,"Crime, Thriller"
False,/zfbjgQE1uSd9wiPTX4VzsLi0rGG.jpg,"18, 80",278,en,The Shawshank Redemption,"Imprisoned in the 1940s for the double murder of his wife and her lover, upstanding banker Andy Dufresne begins a new life at the Shawshank prison, where he puts his accounting skills to work for an amoral warden. During his long stretch in prison, Dufresne comes to be admired by the other inmates -- including an older prisoner named Red -- for his integrity and unquenchable sense of hope.",47.7967,/9cqNxx0GxF0bflZmeSMuL5tnGzr.jpg,1994-09-23,The Shawshank Redemption,False,8.716,29890,"Drama, Crime"
False,/yRBc6WY3r1Fz5Cjd6DhSvzqunED.jpg,"878, 12, 28",1061474,en,Superman,"Superman, a journalist in Metropolis, embarks on a journey to reconcile his Kryptonian heritage with his human upbringing as Clark Kent.",36.4877,/ldyfo0BKmz5rWtJJKCvwaNS4cJT.jpg,2025-07-09,Superman,False,7.35,4437,"Science Fiction, Adventure, Action"
False,/kfXgo2rMF1A19celCwLyQ4Xwpf8.jpg,"16, 28, 10749, 14",1218925,ja,劇場版 チェンソーマン レゼ篇,"In a brutal war between devils, hunters, and secret enemies, a mysterious girl named Reze has stepped into Denji's world, and he faces his deadliest battle yet, fueled by love in a world where survival knows no rules.",39.3202,/pHyxb2RV5wLlboAwm9ZJ9qTVEDw.jpg,2025-09-19,Chainsaw Man - The Movie: Reze Arc,False,8.3,745,"Animation, Action, Romance, Fantasy"
False,/6AYl4PU29o2WXUPZzAo56GVQs5r.jpg,"53, 18, 9648, 27",1381027,en,The Good Boy,"Tommy, a volatile 19-year-old, revels in drugs, parties and violence. After getting separated from his friends on a drunken bender, he is abducted by a shadowy figure. He wakes to find himself imprisoned in the basement of a remote Yorkshire house, inhabited by a very strange family. But what unfolds is not what he could possibly expect.",39.5575,/cEXT4bXOrM0pqrK714NP3M69cWW.jpg,2026-03-06,The Good Boy,False,8.179,14,"Thriller, Drama, Mystery, Horror"
False,/w57nxiBIODAYHLRs1xmrCY9zEFe.jpg,"28, 18, 14",1083637,kn,ಕಾಂತಾರ: ಅಧ್ಯಾಯ - ೧,"During the Kadamba reign, King Vijayendra, the ruler of the fictional feudatory land of Bangra, meets his final fate while venturing into the mystical forest of Kantara. Witnessing this, his son Rajashekara seals the borders of their realm. Later, Prince Kulashekara reopens them through a brutal massacre. The protagonist, Berme, in search of prosperity, crosses the divide and ignites a conflict of faith, power, and destiny between the Kingdom and Nature.",35.4781,/ehQPboTPaIMkMUOoNOh8e7pZ5Rp.jpg,2025-10-01,Kantara - A Legend: Chapter 1,False,7.0,63,"Action, Drama, Fantasy"
False,/oIJjO1CvEdTMFNkWfHaV0RB584G.jpg,"28, 80, 53",628847,en,Trap House,"An undercover DEA agent and his partner embark on a game of cat and mouse with an audacious, and surprising group of thieves – their own rebellious teenagers, who have begun robbing from a dangerous cartel, using their parents' tactics and top-secret intel to do it.",35.023,/6tpAPeuuqbVnYWWPoOLEDLSBU7a.jpg,2025-11-14,Trap House,False,6.52,229,"Action, Crime, Thriller"
False,/ImIRPOvlxKC1jsKld5ZEpxmvmV.jpg,"28, 80, 53",1461181,en,Hierarchy,"In an undisclosed area of Texas after two adoptive brothers become entangled in criminal activity, forced to evade law enforcement and the greedy Russian mafia.",24.9503,/3KVq24NkOn98nrSEAFphnRWVWNd.jpg,2025-08-15,Hierarchy,False,5.658,19,"Action, Crime, Thriller"
False,/be5SIsRGMckO8tU9lrLcIik70Dy.jpg,"27, 14, 10749",1246049,fr,Dracula,"In late 15th-century Eastern Europe, Prince Vlad II’s bride is brutally murdered. As a result, he renounces God and damns Heaven itself. Cursed with eternal life, Vlad is reborn as Dracula, an immortal warlord who defies fate in a blood-soaked crusade to wrench his lost love back from death.",34.1263,/libhghrUSBSEdHgF9uP1SQES0nQ.jpg,2025-07-30,Dracula,False,7.126,933,"Horror, Fantasy, Romance"
False,/tSPT36ZKlP2WVHJLM4cQPLSzv3b.jpg,"18, 80",238,en,The Godfather,"Spanning the years 1945 to 1955, a chronicle of the fictional Italian-American Corleone crime family. When organized crime family patriarch, Vito Corleone barely survives an attempt on his life, his youngest son, Michael steps in to take care of the would-be killers, launching a campaign of bloody revenge.",37.6783,/3bhkrj58Vtu7enYsRolD1fZdja1.jpg,1972-03-14,The Godfather,False,8.688,22569,"Drama, Crime"
False,/pUNfHmVqfwRdILhCkU8TdysVOXo.jpg,"878, 12, 28",533533,en,TRON: Ares,"A highly sophisticated Program called Ares is sent from the digital world into the real world on a dangerous mission, marking humankind's first encounter with A.I. beings.",34.9137,/chpWmskl3aKm1aTZqUHRCtviwPy.jpg,2025-10-08,TRON: Ares,False,6.475,1248,"Science Fiction, Adventure, Action"
False,/493MuzSs6iLyKM7aqsA30eODfsV.jpg,"27, 53, 35",1198994,en,Send Help,"Two colleagues become stranded on a deserted island, the only survivors of a plane crash. On the island, they must overcome past grievances and work together to survive, but ultimately, it's a battle of wills and wits to make it out alive.",35.8255,/kL4MgAIZIYX3sCeG34N0XfVhCtt.jpg,2026-01-22,Send Help,False,7.075,355,"Horror, Thriller, Comedy"
False,/8ZTVqvKDQ8emSGUEMjsS4yHAwrp.jpg,"28, 878, 12",27205,en,Inception,"Cobb, a skilled thief who commits corporate espionage by infiltrating the subconscious of his targets is offered a chance to regain his old life as payment for a task considered to be impossible: ""inception"", the implantation of another person's idea into a target's subconscious.",34.526,/xlaY2zyzMfkhk0HSC5VUwzoZPU1.jpg,2010-07-15,Inception,False,8.37,38822,"Action, Science Fiction, Adventure"
False,/5arE7ysejlE2byGyakuUrR5TmUt.jpg,"27, 53, 28",1205225,en,Gates of Flesh,"A group of friends attempt to escape the city after an outbreak of demon-possessions. The friends seek shelter in an abandoned church, but their plans for escape are ruined when one of them becomes possessed.",30.6064,/cOiuCeECSRqzpwuY6wYKQzvPcXm.jpg,2025-04-08,Gates of Flesh,False,5.694,36,"Horror, Thriller, Action"
False,/3I2RO8UuAliSuX25jK59stqFZW1.jpg,"16, 878, 35",1600672,ja,エヴァンゲリオン放送30周年記念特別興行,A short film celebrating the 30th anniversary of Neon Genesis Evangelion starring both the classic and Rebuild iterations of Asuka. The short comedically explores alternate timelines.,38.1183,/yNgDrl4WX2kMDjYMXIp7PbSt8nU.jpg,2026-02-21,EVANGELION 30th Anniversary Special Screening,False,8.0,1,"Animation, Science Fiction, Comedy"
False,/fPfDB0IHOqvmKIzFP9CA51OOS1N.jpg,"27, 53",1010755,en,The Strangers: Chapter 3,"Tethered by a frightening conclusion, Maya and the Strangers are locked on an unavoidable, unforgiving collision course — a showdown that proves they’re far from strangers now.",33.6755,/yPHwX78mcwJw3I6YOJ9qh2wQBFr.jpg,2026-02-05,The Strangers: Chapter 3,False,5.7,38,"Horror, Thriller"
False,/ncI1PlBcANixIkgQSnjsSRz4OyT.jpg,"28, 53, 9648",1439112,en,Muzzle: City of Wolves,"LAPD officer Jake Rosser endeavors to lead a peaceful life with his family and retired K-9 officer, Socks. However, tranquility dissolves into chaos when a gang targets them in a brutal attack. Alongside his new K-9 partner Argos, Jake launches into a relentless pursuit of justice, determined to protect his loved ones.",33.9507,/8qTMRmC07XCGidnKQFLbRM3FoDU.jpg,2025-11-13,Muzzle: City of Wolves,False,6.7,111,"Action, Thriller, Mystery"
False,/kVSUUWiXoNwq2wVCZ4Mcqkniqvr.jpg,"16, 10751, 35, 12, 14",991494,en,The SpongeBob Movie: Search for SquarePants,"Desperate to be a big guy, SpongeBob sets out to prove his bravery to Mr. Krabs by following The Flying Dutchman – a mysterious swashbuckling ghost pirate – on a seafaring adventure that takes him to the deepest depths of the deep sea, where no Sponge has gone before.",31.3776,/xJnOMMsFASxNiFnG7v3TNIQ3ife.jpg,2025-12-16,The SpongeBob Movie: Search for SquarePants,False,6.8,225,"Animation, Family, Comedy, Adventure, Fantasy"
False,/5lQ4euO30sDin5nCifvi0vURFNd.jpg,"28, 35, 10751",1248226,en,Playdate,"When out-of-work accountant Brian joins stay-at-home dad Jeff for a playdate with their sons, he expects a laid-back afternoon. Instead, they're chased by mercenaries, and Brian—totally unprepared—must survive one absurd obstacle after another.",34.6704,/fGodXWqJkkkbSebPIlxLSygV8GY.jpg,2025-11-04,Playdate,False,6.029,539,"Action, Comedy, Family"
False,/ohUhHOqW8cM59Ay5UjqplLzJbH3.jpg,"10749, 18",1317672,en,Love Me Love Me,"After her brother's death, June moves to Milan for a fresh start, finding comfort in Will, the perfect honor student at her new international school. But when his troubled best friend James—hiding a dangerous life in clandestine MMA fights—sparks a rivalry that quickly turns into irresistible attraction, June must choose between safety and a love that upends everything she thought she wanted.",33.1046,/xmoO861IKm1ycJ52mLGc3nwINKV.jpg,2026-02-12,Love Me Love Me,False,5.528,161,"Romance, Drama"
False,/xcBlMEvzuaHoWANKYn5PGvcW4OC.jpg,"27, 28, 53",1110034,no,Kraken,"Marine biologist Johanne is doing research on a fish farm in Vangsnes, a rural community located by the fjord, when she encounters several strange occurrences. Along with the brutal deaths of two local teenagers, all signs point to the deep fjord; can there be more to the depths than the eye can see? At the bottom of the deepest fjord rests a mythical monster as large as a mountain, with a myriad of arms ready to crush and devour anything they can grab.",29.8163,/jVsflOu9WpMqUJ3WwVX2mITi86S.jpg,2026-02-06,Kraken,False,6.7,7,"Horror, Action, Thriller"
False,/7nAVXGHHtaNcdsqvDXmY6R9N0fG.jpg,"28, 35",1363123,en,The Family Plan 2,"Now that Dan's assassin days are behind him, all he wants for Christmas is quality time with his kids. But when he learns his daughter has her own plans, he books a family trip to London—putting them all in the crosshairs of an unexpected enemy.",35.8074,/semFxuYx6HcrkZzslgAkBqfJvZk.jpg,2025-11-11,The Family Plan 2,False,6.53,514,"Action, Comedy"
False,/gLXibzLQ4qegvjdqDC0f8yTij2P.jpg,"9648, 53, 28",1310568,en,Murder at the Embassy,"1934. Private detective Miranda Green investigates a murder perpetrated in the British Embassy in Cairo, where a top secret document was stolen, risking to jeopardize both Buckingham Palace and the peace of the world. All those present in this closed place are suspected: the American photographer, the English student, the American actress, the Egyptian security guard, the ambassador interpreter, the Egyptian gardener and - why not? — the Ambassador himself. But who would have expected that a small group of Nazis would be behind a plot, risking to jeopardize both Buckingham Palace and the peace of the world?",32.4039,/3DBmBItPdy0A2ol59jgHhS54Lua.jpg,2025-11-14,Murder at the Embassy,False,5.8,37,"Mystery, Thriller, Action"
False,/9Z2uDYXqJrlmePznQQJhL6d92Rq.jpg,"10751, 14, 35, 12, 16",1226863,en,The Super Mario Galaxy Movie,"Having thwarted Bowser's previous plot to marry Princess Peach, Mario and Luigi now face a fresh threat in Bowser Jr., who is determined to liberate his father from captivity and restore the family legacy. Alongside companions new and old, the brothers travel across the stars to stop the young heir's crusade.",49.8245,/eJGWx219ZcEMVQJhAgMiqo8tYY.jpg,2026-04-01,The Super Mario Galaxy Movie,False,0.0,0,"Family, Fantasy, Comedy, Adventure, Animation"
False,/vL5LR6WdxWPjLPFRLe133jXWsh5.jpg,"28, 12, 878",19995,en,Avatar,"In the 22nd century, a paraplegic Marine is dispatched to the moon Pandora on a unique mission, but becomes torn between following orders and protecting an alien civilization.",30.5561,/gKY6q7SjCkAU6FqvqWybDYgUKIF.jpg,2009-12-16,Avatar,False,7.6,33584,"Action, Adventure, Science Fiction"
False,/cGbPBHKSFO7hSIjxkb3KOaGdOep.jpg,"14, 12, 10749",967941,en,Wicked: For Good,"As an angry mob rises against the Wicked Witch, Glinda and Elphaba will need to come together one final time. With their singular friendship now the fulcrum of their futures, they will need to truly see each other, with honesty and empathy, if they are to change themselves, and all of Oz, for good.",34.057,/si9tolnefLSUKaqQEGz1bWArOaL.jpg,2025-11-19,Wicked: For Good,False,6.646,859,"Fantasy, Adventure, Romance"
False,/o2xLxY1LdwBMsrGD9hjIaOrIQm6.jpg,"878, 12, 9648",687163,en,Project Hail Mary,"Science teacher Ryland Grace wakes up on a spaceship light years from home with no recollection of who he is or how he got there. As his memory returns, he begins to uncover his mission: solve the riddle of the mysterious substance causing the sun to die out. He must call on his scientific knowledge and unorthodox ideas to save everything on Earth from extinction… but an unexpected friendship means he may not have to do it alone.",56.3524,/vOhW7Lbt4kZAqe0vJhVC4Ced9x2.jpg,2026-03-13,Project Hail Mary,False,10.0,2,"Science Fiction, Adventure, Mystery"
False,/9uakM2woks0JV8HKIc4oatIVS88.jpg,"27, 53",1315303,en,Primate,"Lucy, a college student, along with her friends, spend their vacation at her family's home in Hawaii, which includes her pet chimpanzee, Ben. However, when Ben contracts rabies after being bitten by a rabid animal, the group must fight for their lives in order to avoid the now-violent chimp.",30.193,/z97hrgI5wbGbZvSVkBfAeBnFKAg.jpg,2026-01-01,Primate,False,6.6,456,"Horror, Thriller"
False,/reQELo8rDiLIOoYIA7M6q7KGRW0.jpg,"16, 12, 14, 10751, 18, 878",804370,fr,Arco,"10-year-old Arco lives in a far future. During his first flight in his rainbow suit, he loses control and falls into the past. Iris, a girl his age from 2075, comes to his rescue and tries by all means to help send him back to his era.",25.7555,/ipE3XiHqbSQm3HS0tJ09CDaJ2Fs.jpg,2025-10-22,Arco,False,7.526,114,"Animation, Adventure, Fantasy, Family, Drama, Science Fiction"
False,/54BOXpX2ieTXMDzHymdDMnUIzYG.jpg,"27, 53",1228246,en,Five Nights at Freddy's 2,"One year since the supernatural nightmare at Freddy Fazbear's Pizza, the stories about what transpired there have been twisted into a campy local legend, inspiring the town's first ever Fazfest. With the truth kept from her, Abby sneaks out to reconnect with Freddy, Bonnie, Chica, and Foxy, setting into motion a terrifying series of events that will reveal dark secrets about the real origin of Freddy's, and unleash a decades-hidden horror.",29.6541,/udAxQEORq2I5wxI97N2TEqdhzBE.jpg,2025-12-03,Five Nights at Freddy's 2,False,6.686,800,"Horror, Thriller"
False,/ySHUoK4utUOiSfCinw81H1TsV0E.jpg,"878, 28, 27",1241470,en,Osiris,"Special Forces commandos on a mission are abducted mid-operation by a mysterious spacecraft. Upon waking aboard, they find themselves prey to a relentless alien race in a fight for survival.",31.3141,/3YtZHtXPNG5AleisgEatEfZOT2w.jpg,2025-07-25,Osiris,False,5.957,199,"Science Fiction, Action, Horror"
False,/82C04rTiXYZ7c8XZv91Nu53w82Y.jpg,"28, 53",1007734,en,Nobody 2,"Former assassin Hutch Mansell takes his family on a nostalgic vacation to a small-town theme park, only to be pulled back into violence when they clash with a corrupt operator, a crooked sheriff, and a ruthless crime boss.",30.7057,/iyxwxDZCpIm0vIORaHpmgJv2BGF.jpg,2025-08-13,Nobody 2,False,6.978,1319,"Action, Thriller"
False,/yCatt8lmp3oRFEcOZF8KHhsiASQ.jpg,"28, 10752",1223601,fi,Sisu 2,"Returning to the house where his family was brutally murdered during the war, ""the man who refuses to die"" dismantles it, loads it on a truck, and is determined to rebuild it somewhere safe in their honor. When the commander who killed his family comes back hellbent on finishing the job, a relentless, eye-popping cross-country chase ensues.",28.5996,/jNsttCWZyPtW66MjhUozBzVsRb7.jpg,2025-10-21,Sisu: Road to Revenge,False,7.316,594,"Action, War"
False,/fAF3VGFBpItWNROmiGob60n0y5.jpg,27,1242937,en,The Dreadful,"In medieval England, Anne and her domineering mother-in-law Morwen struggle to survive on the outskirts of society. But when a man from Anne's past returns from war, a curse begins to take shape through a mysterious knight and threatens to destroy them all.",29.5967,/nhhJkYau8nQMFgauvOudDjwj9vA.jpg,2026-02-20,The Dreadful,False,6.55,50,Horror
False,/jwRbJMGO3OZCwFLoJXn8tEbatJ2.jpg,27,1375831,en,Diabolic,"A woman's hope for a miracle cure turns into a nightmare when she confronts the vengeful spirit of a cursed witch, determined to claim her as a vessel for her evil power.",26.7198,/3qikoc12LQH6upkLZZlJY8wEZvN.jpg,2025-11-20,Diabolic,False,7.154,26,Horror
False,/ehumsuIBbgAe1hg343oszCLrAfI.jpg,"16, 10751, 14, 12",1022796,en,Wish,"Asha, a sharp-witted idealist, makes a wish so powerful that it is answered by a cosmic force – a little ball of boundless energy called Star. Together, Asha and Star confront a most formidable foe - the ruler of Rosas, King Magnifico - to save her community and prove that when the will of one courageous human connects with the magic of the stars, wondrous things can happen.",27.8698,/nesuSdJakNkf0zs7OfoasB6Clxf.jpg,2023-11-13,Wish,False,6.224,1747,"Animation, Family, Fantasy, Adventure"
False,/zFIdOkN4ULw6K6HBpMUMn6njMnK.jpg,"35, 18",1631485,es,Parque Lezama,"A former communist militant and a ""live and let live"" man form an unlikely friendship on a park bench, sharing their life stories with humor and heart.",30.8639,/s97TitarxPtIdIsU7u1BSnf0FW5.jpg,2026-02-19,Strangers in the Park,False,6.8,5,"Comedy, Drama"
False,/xM2dUqkpaSHOR87ojZ538DGQqcD.jpg,"27, 878, 53, 18",1289893,en,Somnium,"Gemma moves to LA, hoping to become an actress. She takes an overnight gig at a sleep clinic that promises to make their clients’ dreams come true. But the longer she spends there, the more it becomes clear that something sinister is going on.",26.2845,/cPUeMJkPLDWSOA6OU862EdZhylS.jpg,2025-08-28,Somnium,False,5.6,25,"Horror, Science Fiction, Thriller, Drama"
False,/qth56RA3rkUlhbDRDKGeMJEssdi.jpg,"10749, 35, 18",1034716,en,People We Meet on Vacation,"Poppy's a free spirit. Alex loves a plan. After years of summer vacations, these polar-opposite pals wonder if they could be a perfect romantic match.",29.7976,/peG6482ALJQ9Tbvv2P38BquVk0f.jpg,2026-01-06,People We Meet on Vacation,False,7.0,494,"Romance, Comedy, Drama"
False,/4w6nQYAY0eb7B0VVRDXilXcgAUV.jpg,"80, 27, 9648",4232,en,Scream,"A year after the murder of her mother, a teenage girl is terrorized by a masked killer who targets her and her friends by using scary movies as part of a deadly game.",26.936,/lr9ZIrmuwVmZhpZuTCW8D9g0ZJe.jpg,1996-12-20,Scream,False,7.427,7755,"Crime, Horror, Mystery"
False,/ufpeVEM64uZHPpzzeiDNIAdaeOD.jpg,"28, 35, 878",533535,en,Deadpool & Wolverine,"A listless Wade Wilson toils away in civilian life with his days as the morally flexible mercenary, Deadpool, behind him. But when his homeworld faces an existential threat, Wade must reluctantly suit-up again with an even more reluctant Wolverine.",27.0871,/8cdWjvZQUExUUTzyp4t6EDMubfO.jpg,2024-07-24,Deadpool & Wolverine,False,7.556,8348,"Action, Comedy, Science Fiction"
False,/k8NQUrnUtX20bCreOKyEv9J7U3S.jpg,"878, 12, 18",1258151,ru,Кракен,"A Russian missile submarine disappears without trace during a secret mission in the Greenland Sea. A vessel is deployed to search for it, captained by the brother of the missing submarine’s commander. The search crew is tasked with locating the submarine and preventing a top-secret weapon from falling into enemy hands. Meanwhile, a geological research operation at the North Pole awakens the Kraken, a giant deep-water monster with an incredible ability to camouflage and an uncanny intelligence. As the search party narrows in on the missing submarine, they will encounter the legendary creature of the deep.",27.8192,/c97Xlokfn4M6ZOQmt7OfXfLDwd5.jpg,2025-04-17,Kraken,False,6.3,43,"Science Fiction, Adventure, Drama"
False,/xnHVX37XZEp33hhCbYlQFq7ux1J.jpg,"18, 10749",597,en,Titanic,"101-year-old Rose DeWitt Bukater tells the story of her life aboard the Titanic, 84 years later. A young Rose boards the ship with her mother and fiancé. Meanwhile, Jack Dawson and Fabrizio De Rossi win third-class tickets aboard the ship. Rose tells the whole story from Titanic's departure through to its death—on its first and last voyage—on April 15, 1912.",28.9221,/9xjZS2rlVxm8SFx8kPC3aIGCOYQ.jpg,1997-12-18,Titanic,False,7.903,26871,"Drama, Romance"
False,/yOFqBpJ0PEkBdQqalDEaeOiaKbz.jpg,"28, 80, 53",1267319,ko,사마귀,"The secret society of contract killers falls into chaos, unleashing a new breed of assassins. With old rules in ruins, who dares claim the shadows?",26.7553,/pzsXKLJsZ26HUV1oCMa7WiFFQbW.jpg,2025-09-25,Mantis,False,6.282,149,"Action, Crime, Thriller"
False,/mDfJG3LC3Dqb67AZ52x3Z0jU0uB.jpg,"12, 28, 878",299536,en,Avengers: Infinity War,"As the Avengers and their allies have continued to protect the world from threats too large for any one hero to handle, a new danger has emerged from the cosmic shadows: Thanos. A despot of intergalactic infamy, his goal is to collect all six Infinity Stones, artifacts of unimaginable power, and use them to inflict his twisted will on all of reality. Everything the Avengers have fought for has led up to this moment - the fate of Earth and existence itself has never been more uncertain.",29.149,/7WsyChQLEftFiDOVTGkv3hFpyyt.jpg,2018-04-25,Avengers: Infinity War,False,8.234,31582,"Adventure, Action, Science Fiction"
False,/40Wtp7kMG6mZ4d5T1jfrd8qrvD4.jpg,"16, 35, 14, 12, 10751",808,en,Shrek,"It ain't easy bein' green -- especially if you're a likable (albeit smelly) ogre named Shrek. On a mission to retrieve a gorgeous princess from the clutches of a fire-breathing dragon, Shrek teams up with an unlikely compatriot -- a wisecracking donkey.",27.8454,/iB64vpL3dIObOtMZgX3RqdVdQDc.jpg,2001-05-18,Shrek,False,7.757,18481,"Animation, Comedy, Fantasy, Adventure, Family"
False,/ukfI9QkU1aIhOhKXYWE9n3z1mFR.jpg,"16, 10751, 14",129,ja,千と千尋の神隠し,"A young girl, Chihiro, becomes trapped in a strange new world of spirits. When her parents undergo a mysterious transformation, she must call upon the courage she never knew she had to free her family.",29.3079,/39wmItIWsg5sZMyRUHLkWBcuVCM.jpg,2001-07-20,Spirited Away,False,8.534,18047,"Animation, Family, Fantasy"
False,/s94NjfKkcSczZ1FembwmQZwsuwY.jpg,"878, 12, 28",617126,en,The Fantastic 4: First Steps,"Against the vibrant backdrop of a 1960s-inspired, retro-futuristic world, Marvel's First Family is forced to balance their roles as heroes with the strength of their family bond, while defending Earth from a ravenous space god called Galactus and his enigmatic Herald, Silver Surfer.",28.436,/nf5qaSEvyYSNeFH0YhSs5EsBLX9.jpg,2025-07-23,The Fantastic 4: First Steps,False,6.969,3065,"Science Fiction, Adventure, Action"
False,/s94NjfKkcSczZ1FembwmQZwsuwY.jpg,"878, 12, 28",617126,en,The Fantastic 4: First Steps,"Against the vibrant backdrop of a 1960s-inspired, retro-futuristic world, Marvel's First Family is forced to balance their roles as heroes with the strength of their family bond, while defending Earth from a ravenous space god called Galactus and his enigmatic Herald, Silver Surfer.",28.436,/nf5qaSEvyYSNeFH0YhSs5EsBLX9.jpg,2025-07-23,The Fantastic 4: First Steps,False,6.969,3065,"Science Fiction, Adventure, Action"
False,/tlm8UkiQsitc8rSuIAscQDCnP8d.jpg,"28, 878",603,en,The Matrix,"Set in the 22nd century, The Matrix tells the story of a computer hacker who joins a group of underground insurgents fighting the vast and powerful computers who now rule the earth.",28.4378,/p96dm7sCMn4VYAStA6siNz30G1r.jpg,1999-03-31,The Matrix,False,8.239,27492,"Action, Science Fiction"
False,/7Zx3wDG5bBtcfk8lcnCWDOLM4Y4.jpg,"10751, 878, 35",552524,en,Lilo & Stitch,The wildly funny and touching story of a lonely Hawaiian girl and the fugitive alien who helps to mend her broken family.,24.7377,/ckQzKpQJO4ZQDCN5evdpKcfm7Ys.jpg,2025-05-17,Lilo & Stitch,False,7.205,2059,"Family, Science Fiction, Comedy"
False,/7uXzE0ZBkbAeKylOz7cUQF4Yw75.jpg,18,879945,nl,L'homme inconnu,"Louis, a Flemish writer, decides to isolate himself at the Côte d’Azur, hoping this place will bring him inspiration.",28.8951,/4TpBhdaSl5ALHbgeaYOLF8Q3haz.jpg,2021-10-16,The Unknown Man,False,8.5,2,Drama
False,/cd8YDn7M0lfaHhZdU6MvCDxPalP.jpg,"28, 12, 878",76600,en,Avatar: The Way of Water,"Set more than a decade after the events of the first film, learn the story of the Sully family (Jake, Neytiri, and their kids), the trouble that follows them, the lengths they go to keep each other safe, the battles they fight to stay alive, and the tragedies they endure.",26.9092,/t6HIqrRAclMCA60NsSmeqe9RmNV.jpg,2022-12-14,Avatar: The Way of Water,False,7.6,13813,"Action, Adventure, Science Fiction"
False,/9tOkjBEiiGcaClgJFtwocStZvIT.jpg,"16, 12, 10751, 35",269149,en,Zootopia,"Determined to prove herself, Officer Judy Hopps, the first bunny on Zootopia's police force, jumps at the chance to crack her first case - even if it means partnering with scam-artist fox Nick Wilde to solve the mystery.",29.8934,/hlK0e0wAQ3VLuJcsfIYPvb4JVud.jpg,2016-02-11,Zootopia,False,7.759,17784,"Animation, Adventure, Family, Comedy"
False,/91kH9D1cr8GF7jgvUXiirAw3EK3.jpg,"27, 53",18278,en,Perkins' 14,"Ronald Perkins builds an army of 14 people brainwashed through cult-like methods to protect him from his parents' killers. When Perkins is imprisoned, the police unwittingly unleash his followers on a small town and they've only got one thing on their mind: ""Kill for Mr. Perkins.""",21.6745,/m20PFFDOp6KWtpqzhsrp67aa4Wc.jpg,2009-01-09,Perkins' 14,False,4.673,49,"Horror, Thriller"
False,/yKWZIDo4ixcDUeelk2QGVA1EVmC.jpg,"27, 9648",1078605,en,Weapons,"When all but one child from the same class mysteriously vanish on the same night at exactly the same time, a community is left questioning who or what is behind their disappearance.",25.0143,/cpf7vsRZ0MYRQcnLWteD5jK9ymT.jpg,2025-08-04,Weapons,False,7.273,3009,"Horror, Mystery"
False,/OO75q1cTWWXDmy52bB79yzpxBt.jpg,"53, 878, 80, 28",1266798,fr,Chien 51,"In the near future, Paris is divided into three zones that separate social classes, and no one can escape ALMA, a predictive AI that has revolutionized law enforcement. When ALMA’s creator is assassinated, Salia, a top agent, and Zem, a jaded cop, are forced to work together to solve a murder that may expose the dark secrets of the system they serve.",17.5923,/olMvhbCRuhTbf6EMKxKGHi2on3L.jpg,2025-10-15,Dog 51,False,6.2,220,"Thriller, Science Fiction, Crime, Action"
False,/qDyFe7gMnom72qfUEYzWrgwB4ss.jpg,28,62201,hi,शहँशाह,"Inspector Srivastav is framed by a wily and cunning gangster, J.K., and unable to prove his innocence, hangs himself, leaving behind his wife, and son, Vijay. Years later, Vijay has grown up and has joined the police force as an Inspector. Unlike his dad, he is corrupt and does accept bribes to turn a nelson's eye to crime. The City Police are assigned the task of apprehending a customed man called ""Shahenshah"", who operates at night and targets, tries and kills gangsters in a ""Judge and Executioner ""style. No one knows the real identity of Shahenshah, as he is feared by the police department, and respected by the poor and middle-class.",26.5264,/2ZUpj73MzEh2YwVzJNVUqBSu2LZ.jpg,1988-01-29,Shahenshah,False,6.3,25,Action
False,/lj6AaDqDUbzm2XJltFNHeAm2uXN.jpg,"35, 27",1273221,en,Scary Movie,"Twenty-six years after outrunning a suspiciously familiar masked killer, the Core Four are back in the killer's crosshairs and no horror movie IP is safe.",26.7633,/opJeybZ5EL4zObkgFPFkke0KnIq.jpg,2026-06-04,Scary Movie,False,0.0,0,"Comedy, Horror"
False,/zFpaNGxW0FzRFKBOyCFVeYlCdI9.jpg,"10749, 35",1429605,en,F Valentine's Day,"Gina hates her Valentine's Day birthday and travels to Greece to prevent her boyfriend's proposal. With help from vacationers Johnny and his sister Mickey, she schemes to delay it – while questioning her relationship.",25.0894,/8zPExowfpfZOTpS1W4J7G27lH4H.jpg,2026-02-12,F Valentine's Day,False,6.3,56,"Romance, Comedy"
False,,99,1290552,en,Lost to Time: Unearthing the Primevals,Documentary about the 30-year long process of David Allen's The Primevals.,23.6025,/6CWBd5hg0QZEVezTjghATYqXEOJ.jpg,2024-05-31,Lost to Time: Unearthing the Primevals,False,0.0,0,Documentary
False,/arNhhBd88bP3Bjoe4HT8MFE1JQA.jpg,"28, 35, 10751",1029575,en,The Family Plan,"Dan Morgan is many things: a devoted husband, a loving father, a celebrated car salesman. He's also a former assassin. And when his past catches up to his present, he's forced to take his unsuspecting family on a road trip unlike any other.",31.4032,/jLLtx3nTRSLGPAKl4RoIv1FbEBr.jpg,2023-12-14,The Family Plan,False,7.23,1814,"Action, Comedy, Family"
False,/z51Wzj94hvAIsWfknifKTqKJRwp.jpg,"12, 14, 28",120,en,The Lord of the Rings: The Fellowship of the Ring,"Young hobbit Frodo Baggins, after inheriting a mysterious ring from his uncle Bilbo, must leave his home in order to keep it from falling into the hands of its evil creator. Along the way, a fellowship is formed to protect the ringbearer and make sure that the ring arrives at its final destination: Mt. Doom, the only place where it can be destroyed.",26.8878,/6oom5QYQ2yQTMJIbnvbkBL9cHo6.jpg,2001-12-18,The Lord of the Rings: The Fellowship of the Ring,False,8.428,27129,"Adventure, Fantasy, Action"
False,/2u7zbn8EudG6kLlBzUYqP8RyFU4.jpg,"12, 14, 28",122,en,The Lord of the Rings: The Return of the King,"As armies mass for a final battle that will decide the fate of the world--and powerful, ancient forces of Light and Dark compete to determine the outcome--one member of the Fellowship of the Ring is revealed as the noble heir to the throne of the Kings of Men. Yet, the sole hope for triumph over evil lies with a brave hobbit, Frodo, who, accompanied by his loyal friend Sam and the hideous, wretched Gollum, ventures deep into the very dark heart of Mordor on his seemingly impossible quest to destroy the Ring of Power.​",27.675,/rCzpDGLbOoPwLjy3OAm5NUPOTrC.jpg,2003-12-17,The Lord of the Rings: The Return of the King,False,8.494,26145,"Adventure, Fantasy, Action"
False,/ifUfE79O1raUwbaQRIB7XnFz5ZC.jpg,"27, 9648",646385,en,Scream,"Twenty-five years after a streak of brutal murders shocked the quiet town of Woodsboro, a new killer has donned the Ghostface mask and begins targeting a group of teenagers to resurrect secrets from the town’s deadly past.",23.2156,/1m3W6cpgwuIyjtg5nSnPx7yFkXW.jpg,2022-01-12,Scream,False,6.7,3758,"Horror, Mystery"
False,/thgemkoLauZxcqe6KX8wxqEc70z.jpg,"53, 18",1428862,es,Cortafuego,"Little Lide disappears in the forest while her family packs up their home. As a fire breaks out, her mother must race to reach her before the flames do.",25.1,/knh3c8LzL9fMhjc5SZPAOotXyiy.jpg,2026-02-19,Firebreak,False,6.199,78,"Thriller, Drama"
False,/dbr3eceKuGnKc9v5GaVTVtegZNK.jpg,35,1243460,en,Joe's College Road Trip,"To teach his sheltered grandson about the real world, Madea's foul-mouthed brother Joe takes the college-bound teen on a raucous cross-country road trip.",25.5356,/jWGOCUlzF4aCVLwHoiuqWWfhcrA.jpg,2026-02-12,Joe's College Road Trip,False,5.76,50,Comedy
False,/44immBwzhDVyjn87b3x3l9mlhAD.jpg,"27, 53, 80",934433,en,Scream VI,"Following the latest Ghostface killings, the four survivors leave Woodsboro behind and start a fresh chapter.",22.7834,/wDWwtvkRRlgTiUr6TyLSMX8FCuZ.jpg,2023-03-08,Scream VI,False,6.962,3078,"Horror, Thriller, Crime"
False,/QEbt6liCqDcJkmfgIUBoEGlhLC.jpg,"27, 878",223319,ja,LSD -ラッキースカイダイアモンド-,"At the clinic where her boyfriend Katayama, a young genius doctor, is the director, Yoko, a young girl who continues to suffer from eerie nightmares every day, is not getting better despite the care of her sister Sakurako and Katayama's treatment. Sakurako, the sister, is suspicious of Yoko's condition and confronts Katayama, who tells her that she suffers from a serious mental disorder and that the only way to cure it is to have brain surgery. Yoko, despite being persuaded by her sister and Katayama, agrees to the surgery, although she is skeptical...",29.3625,/kYTHzZpgnzhea5Trp3evcxSEdTG.jpg,1989-03-11,Lucky Sky Diamond,False,3.6,9,"Horror, Science Fiction"
False,/zMhfjTmdZblh37fyVHkwv6DuGGv.jpg,"99, 10402",404141,en,Nick Cave & The Bad Seeds: One More Time with Feeling,"Andrew Dominik's One More Time With Feeling is a remarkable black and white documentary which chronicles the creation of Nick Cave & The Bad Seeds' album Skeleton Tree. Originally a performance based concept, the film evolved into something much more significant as Dominik delved into the tragic backdrop of the writing and recording of the album. The result is stark, fragile and raw, and a true testament to an artist trying to find his way through the darkness. It documents the writing, recording and performing of Nick Cave & the Bad Seeds’ sixteenth studio album, Skeleton Tree.",22.5729,/opORnjagpi1KKfGVNX2NuNECdzE.jpg,2016-09-02,Nick Cave & The Bad Seeds: One More Time with Feeling,False,7.9,103,"Documentary, Music"
False,/wYMbnrdRCREjNLwFlG5SLWzBjui.jpg,"878, 12",438631,en,Dune,"Paul Atreides, a brilliant and gifted young man born into a great destiny beyond his understanding, must travel to the most dangerous planet in the universe to ensure the future of his family and his people. As malevolent forces explode into conflict over the planet's exclusive supply of the most precious resource in existence-a commodity capable of unlocking humanity's greatest potential-only those who can conquer their fear will survive.",25.7486,/d5NXSklXo0qyIYkgV94XAgMIckC.jpg,2021-09-15,Dune,False,7.778,14540,"Science Fiction, Adventure"
False,/8btfz81bOJ2lC7cujYBTw03wzg3.jpg,"16, 14, 12, 28",980477,zh,哪吒之魔童闹海,"After a catastrophic event leaves their bodies destroyed, Ne Zha and Ao Bing are granted a fragile second chance at life. As tensions rise between the dragon clans and celestial forces, the two must undergo a series of perilous trials that will test their bond, challenge their identities, and decide the fate of both mortals and immortals.",25.7307,/cb5NyNrqiCNNoDkA8FfxHAtypdG.jpg,2025-01-29,Ne Zha 2,False,8.107,611,"Animation, Fantasy, Adventure, Action"
False,/hiKmpZMGZsrkA3cdce8a7Dpos1j.jpg,"35, 53, 18",496243,ko,기생충,"All unemployed, Ki-taek's family takes peculiar interest in the wealthy and glamorous Parks for their livelihood until they get entangled in an unexpected incident.",28.9129,/7IiTTgloJzvGI1TAYymCfbfl3vT.jpg,2019-05-30,Parasite,False,8.493,20248,"Comedy, Thriller, Drama"
False,/lQUsfSUcai6ZOHQHgobSlF0IDUV.jpg,"10402, 35",1422562,en,The Moment,"A rising pop sensation navigates fame and industry pressures while preparing for her arena tour debut, revealing the transformation of underground culture into mainstream success.",25.5666,/dYgCgTqqMnWdsnP2XirdcFB28ch.jpg,2026-01-30,The Moment,False,5.911,28,"Music, Comedy"
False,/1yktYsxkmUtUFTUnCAUaqG6FEiz.jpg,"28, 53, 80",541671,en,Ballerina,"Taking place during the events of John Wick: Chapter 3 – Parabellum, Eve Macarro begins her training in the assassin traditions of the Ruska Roma.",25.4378,/2VUmvqsHb6cEtdfscEA6fqqVzLg.jpg,2025-06-04,Ballerina,False,7.253,2395,"Action, Thriller, Crime"
False,/538U9snNc2fpnOmYXAPUh3zn31H.jpg,"28, 53, 12",575265,en,Mission: Impossible - The Final Reckoning,"Ethan Hunt and team continue their search for the terrifying AI known as the Entity — which has infiltrated intelligence networks all over the globe — with the world's governments and a mysterious ghost from Hunt's past on their trail. Joined by new allies and armed with the means to shut the Entity down for good, Hunt is in a race against time to prevent the world as we know it from changing forever.",25.3784,/z53D72EAOxGRqdr7KXXWp9dJiDe.jpg,2025-05-17,Mission: Impossible - The Final Reckoning,False,7.179,2624,"Action, Thriller, Adventure"
False,/zQ8AxTPiCiS5nnwXpwTBPBHSaa5.jpg,"28, 878",557,en,Spider-Man,"After being bitten by a genetically altered spider at Oscorp, nerdy but endearing high school student Peter Parker is endowed with amazing powers to become the superhero known as Spider-Man.",24.9919,/kjdJntyBeEvqm9w97QGBdxPptzj.jpg,2002-05-01,Spider-Man,False,7.323,20377,"Action, Science Fiction"
False,/3Rfvhy1Nl6sSGJwyjb0QiZzZYlB.jpg,"10751, 35, 16, 12",862,en,Toy Story,"Led by Woody, Andy's toys live happily in his room until Andy's birthday brings Buzz Lightyear onto the scene. Afraid of losing his place in Andy's heart, Woody plots against Buzz. But when circumstances separate Buzz and Woody from their owner, the duo eventually learns to put aside their differences.",24.1075,/uXDfjJbdP4ijW5hWSBrPrlKpxab.jpg,1995-11-22,Toy Story,False,7.971,19630,"Family, Comedy, Animation, Adventure"
False,/v92h7ys8fRuG5pFny7rE24meLLI.jpg,"27, 878",9599,en,The Blob,"In Arborville, California, three high school students try to protect their hometown from a gelatinous alien life form that engulfs everything it touches.",24.0812,/zXXDmz5cPuSo9LveCNjZ1j16szC.jpg,1988-08-05,The Blob,False,6.838,1016,"Horror, Science Fiction"
False,/79PNOxNXSe5e0bhEj11QJPlsdCN.jpg,"14, 10751, 28, 12",1087192,en,How to Train Your Dragon,"On the rugged isle of Berk, where Vikings and dragons have been bitter enemies for generations, Hiccup stands apart, defying centuries of tradition when he befriends Toothless, a feared Night Fury dragon. Their unlikely bond reveals the true nature of dragons, challenging the very foundations of Viking society.",21.9305,/53dsJ3oEnBhTBVMigWJ9tkA5bzJ.jpg,2025-06-06,How to Train Your Dragon,False,7.929,2653,"Fantasy, Family, Action, Adventure"
False,/9n2tJBplPbgR2ca05hS5CKXwP2c.jpg,"10751, 35, 12, 16, 14",502356,en,The Super Mario Bros. Movie,"While working underground to fix a water main, Brooklyn plumbers—and brothers—Mario and Luigi are transported down a mysterious pipe and wander into a magical new world. But when the brothers are separated, Mario embarks on an epic quest to find Luigi.",28.739,/qNBAXBIQlnOThrVvA6mA2B5ggV6.jpg,2023-04-05,The Super Mario Bros. Movie,False,7.59,10327,"Family, Comedy, Adventure, Animation, Fantasy"
False,/n8BYpslKnXDScx4WTWejLel3qZ1.jpg,35,4248,en,Scary Movie 2,"While the original parodied slasher flicks like Scream, Keenen Ivory Wayans's sequel to Scary Movie takes comedic aim at haunted house movies. A group of students visit a mansion called ""Hell House,"" and murderous high jinks ensue.",23.6784,/7Eb1JWK0Cb0rbfsYjwfc9g0PbQH.jpg,2001-07-04,Scary Movie 2,False,5.811,5038,Comedy
False,/jRJrQ72VLyEnVsvwfep8Xjlvu8c.jpg,"80, 18, 28",101,fr,Léon,"Léon, the top hit man in New York, has earned a rep as an effective ""cleaner"". But when his next-door neighbors are wiped out by a loose-cannon DEA agent, he becomes the unwilling custodian of 12-year-old Mathilda. Before long, Mathilda's thoughts turn to revenge, and she considers following in Léon's footsteps.",22.325,/bxB2q91nKYp8JNzqE7t7TWBVupB.jpg,1994-09-14,Léon: The Professional,False,8.295,15858,"Crime, Drama, Action"
False,/fTrQsdMS2MUw00RnzH0r3JWHhts.jpg,"28, 80, 53",1197306,en,A Working Man,"Levon Cade left behind a decorated military career in the black ops to live a simple life working construction. But when his boss's daughter, who is like family to him, is taken by human traffickers, his search to bring her home uncovers a world of corruption far greater than he ever could have imagined.",24.9104,/6FRFIogh3zFnVWn7Z6zcYnIbRcX.jpg,2025-03-26,A Working Man,False,6.683,1805,"Action, Crime, Thriller"
False,/geQgwdQBNYOVoUKK2oBB0ILilIa.jpg,"878, 53",475961,en,Curvature,"Helen tries to cope with the recent death of her husband, a scientist who killed himself right when he was on the verge of successfully completing the invention of a time machine. One day, she receives a phone call, and a voice suspiciously resembling her own voice warns her that she’s in danger. Is it possible Helen has time travelled? And what could have led her to do something like that?",24.6819,/wQ1CwqwGCNZHAkMC0HyEoWYJwzI.jpg,2017-10-08,Curvature,False,4.938,80,"Science Fiction, Thriller"
False,/iwgl8zlrrfvfWp9k9Paj8lvFEvS.jpg,"80, 9648, 53",807,en,Se7en,"Two homicide detectives are on a desperate hunt for a serial killer whose crimes are based on the ""seven deadly sins"" in this dark and haunting film that takes viewers from the tortured remains of one victim to the next. The seasoned Det. Somerset researches each sin in an effort to get inside the killer's mind, while his novice partner, Mills, scoffs at his efforts to unravel the case.",23.4317,/191nKfP0ehp3uIvWqgPbFmI4lv9.jpg,1995-09-22,Se7en,False,8.379,22740,"Crime, Mystery, Thriller"
False,,18,1021635,ja,ザ・レイプ　肉刑,"This unique work depicts in a thrilling way the fear of being isolated in a locked room in the urban jungle, through a man's abnormal sexual urges and a woman who is his target.",26.1754,/e2UNUamYoulTxmIXjbOxvl0Oyaj.jpg,1982-07-09,Za reipu: Niku-kei,False,2.0,2,Drama
False,/srk5NlOnpEsd0hxVFiHfhtQtfDe.jpg,"10749, 18",1156594,es,Culpa nuestra,"Jenna and Lion's wedding brings about the long-awaited reunion between Noah and Nick after their breakup. Nick's inability to forgive Noah stands as an insurmountable barrier. He, heir to his grandfather's businesses, and she, starting her professional life, resist fueling a flame that's still alive. But now that their paths have crossed again, will love be stronger than resentment?",23.797,/yzqHt4m1SeY9FbPrfZ0C2Hi9x1s.jpg,2025-10-15,Our Fault,False,7.365,625,"Romance, Drama"
False,/iwgl8zlrrfvfWp9k9Paj8lvFEvS.jpg,"80, 9648, 53",807,en,Se7en,"Two homicide detectives are on a desperate hunt for a serial killer whose crimes are based on the ""seven deadly sins"" in this dark and haunting film that takes viewers from the tortured remains of one victim to the next. The seasoned Det. Somerset researches each sin in an effort to get inside the killer's mind, while his novice partner, Mills, scoffs at his efforts to unravel the case.",23.4317,/191nKfP0ehp3uIvWqgPbFmI4lv9.jpg,1995-09-22,Se7en,False,8.379,22741,"Crime, Mystery, Thriller"
False,,18,1021635,ja,ザ・レイプ　肉刑,"This unique work depicts in a thrilling way the fear of being isolated in a locked room in the urban jungle, through a man's abnormal sexual urges and a woman who is his target.",26.1754,/e2UNUamYoulTxmIXjbOxvl0Oyaj.jpg,1982-07-09,Za reipu: Niku-kei,False,2.0,2,Drama
False,/srk5NlOnpEsd0hxVFiHfhtQtfDe.jpg,"10749, 18",1156594,es,Culpa nuestra,"Jenna and Lion's wedding brings about the long-awaited reunion between Noah and Nick after their breakup. Nick's inability to forgive Noah stands as an insurmountable barrier. He, heir to his grandfather's businesses, and she, starting her professional life, resist fueling a flame that's still alive. But now that their paths have crossed again, will love be stronger than resentment?",23.797,/yzqHt4m1SeY9FbPrfZ0C2Hi9x1s.jpg,2025-10-15,Our Fault,False,7.365,625,"Romance, Drama"
False,/mXlDBIHh9hBkDCMNazGV2fEPr5J.jpg,18,1124566,no,Affeksjonsverdi,"Sisters Nora and Agnes reunite with their estranged father, the charismatic Gustav, a once-renowned director who offers stage actress Nora a role in what he hopes will be his comeback film. When Nora turns it down, she soon discovers he has given her part to an eager young Hollywood star.",23.9429,/pz9NCWxxOk3o0W3v1Zkhawrwb4i.jpg,2025-08-20,Sentimental Value,False,7.6,657,Drama
False,/AmN8ozRE0AbMGgZhqBu4fUjZkRt.jpg,"12, 18, 36, 28, 53",11362,en,The Count of Monte Cristo,"Edmond Dantés's life and plans to marry the beautiful Mercedes are shattered when his best friend, Fernand, deceives him. After spending 13 miserable years in prison, Dantés escapes with the help of a fellow inmate and plots his revenge, cleverly insinuating himself into the French nobility.",22.6937,/ifMgDAUXVQLY4DeOu3VTTi55jSP.jpg,2002-01-23,The Count of Monte Cristo,False,7.675,1972,"Adventure, Drama, History, Action, Thriller"
False,/qxBgqQpfkcusqEBeaITpQQO3vJs.jpg,"27, 53, 9648",69872,it,Il tuo vizio è una stanza chiusa e solo io ne ho la chiave,"Oliviero is a drunk, burned-out writer who amuses himself by hosting orgies at his grand country manor and humiliating his wife Irina. When a number of women are murdered in grisly fashion, Oliviero becomes a prime suspect.",20.8303,/3CAdlrJ6mOq1BgOJRLuNbNS5Lwa.jpg,1972-08-04,Your Vice Is a Locked Room and Only I Have the Key,False,6.478,136,"Horror, Thriller, Mystery"
False,/kM2l7BoPrlP7hx6bSKrp6MHZ1Aa.jpg,"35, 10749, 14",1489187,ru,Сводишь с ума,"Alisa moves into a spacious apartment in St. Petersburg, where the mirror starts to malfunction, showing the young lodger a parallel reality of the same apartment. Only it is not Alisa who lives in this parallel reality, but the party animal Ivan. Will the young people be able to recognize true love and will they be able to unite their worlds in order to meet in reality and simply touch each other?",20.238,/uk20xvDxx36RAOnYCy86yiUGFP8.jpg,2025-10-09,You Drive Me Crazy,False,8.0,7,"Comedy, Romance, Fantasy"
False,/xRyINp9KfMLVjRiO5nCsoRDdvvF.jpg,"18, 53",550,en,Fight Club,"A ticking-time-bomb insomniac and a slippery soap salesman channel primal male aggression into a shocking new form of therapy. Their concept catches on, with underground ""fight clubs"" forming in every town, until an eccentric gets in the way and ignites an out-of-control spiral toward oblivion.",23.8426,/pB8BM7pdSp6B6Ih7QZ4DrQ3PmJK.jpg,1999-10-15,Fight Club,False,8.438,31576,"Drama, Thriller"
False,/qr7dUqleMRd0VgollazbmyP9XjI.jpg,"878, 18, 53",78,en,Blade Runner,"In the smog-choked dystopian Los Angeles of 2019, blade runner Rick Deckard is called out of retirement to terminate a quartet of replicants who have escaped to Earth seeking their creator for a way to extend their short life spans.",22.7286,/63N9uy8nd9j7Eog2axPQ8lbr3Wj.jpg,1982-06-25,Blade Runner,False,7.94,14770,"Science Fiction, Drama, Thriller"
False,,99,936004,ja,Tadao Sato on Ozu's The Only Son,Documentary and interview with Japanese film critic and scholar Tadao Sato about Yasujiro Ozu film The Only Son.,21.7105,/qbOUpXLiC3Tk0P4EkYmPRRFi8A3.jpg,2010-01-01,Tadao Sato on Ozu's The Only Son,False,0.0,0,Documentary
False,/cIbmoyQTZn6Pw4UelKytlwyJ4y6.jpg,"10770, 18, 35",1444606,de,Die Drei von der Müllabfuhr - Der Neue,"A trained theologian with a truck driver's license joins Werner Träsch's team. Former pastor Matthias is surprisingly good at tackling difficult tasks. But he can't hide the fact that he is in trouble for long: His ex-girlfriend Anna makes it impossible for him to see their five-year-old daughter Lotte, despite having joint custody.",21.4971,/py1BLk9uRY7oAGEHqUmCw5r5ltC.jpg,2025-03-07,Die Drei von der Müllabfuhr - Der Neue,False,0.0,0,"TV Movie, Drama, Comedy"
False,/eCynaAOgYYiw5yN5lBwz3IxqvaW.jpg,"16, 10751, 12",12,en,Finding Nemo,"Nemo, an adventurous young clownfish, is unexpectedly taken from his Great Barrier Reef home to a dentist's office aquarium. It's up to his worrisome father Marlin and a friendly but forgetful fish Dory to bring Nemo home -- meeting vegetarian sharks, surfer dude turtles, hypnotic jellyfish, hungry seagulls, and more along the way.",22.1498,/eHuGQ10FUzK1mdOY69wF5pGgEf5.jpg,2003-05-30,Finding Nemo,False,7.817,20346,"Animation, Family, Adventure"
False,/1jdPUUSy37Wzw3xuc8otI86X2gv.jpg,"16, 14, 10402, 878",1575337,ja,超かぐや姫！,"Iroha's life gets knocked off its orbit when Kaguya, a carefree runaway from the Moon, moves in and convinces her to perform in a virtual world together.",25.2793,/9I9cM38gecZcwJ0C6r0cwfvtPJP.jpg,2026-01-22,Cosmic Princess Kaguya!,False,8.3,56,"Animation, Fantasy, Music, Science Fiction"
False,/eZJ3z1aAcHzoYmPSxuJjaYRMgi3.jpg,"28, 80, 18",1262547,hi,सूबेदार,"Haunted by loss and drifting away from his daughter, a retired Subedaar Arjun Maurya’s newly found civilian life is jolted by one reckless act. As old wounds reopen, he must summon the warrior within to face a new kind of war - one that hits too close to his heart.",23.4898,/gKn63ZWEVK66OaC1svlI7g6r9ah.jpg,2026-03-05,Subedaar,False,6.0,2,"Action, Crime, Drama"
False,/Bwh7Lol5k3hSqYOtqXWxbbJVMx.jpg,"28, 12, 878",634649,en,Spider-Man: No Way Home,"Peter Parker is unmasked and no longer able to separate his normal life from the high-stakes of being a super-hero. When he asks for help from Doctor Strange the stakes become even more dangerous, forcing him to discover what it truly means to be Spider-Man.",25.5218,/1g0dhYtq4irTY1GPXvft6k4YLjm.jpg,2021-12-15,Spider-Man: No Way Home,False,7.933,21648,"Action, Adventure, Science Fiction"
False,/gQimJqYMKCkwHIo8wwYKhmnCfBr.jpg,"28, 80, 53",1242501,en,Icefall,"A young Indigenous game warden arrests an infamous poacher only to discover that the poacher knows the location of a plane carrying millions of dollars that has crashed in a frozen lake. When a group of criminals and dirty cops are alerted to the poacher’s whereabouts, the warden and the poacher team up to fight back and escape across the treacherous lake before the ice melts.",21.6048,/5Byv6nznAb2Izd0gHpODOXnuSbo.jpg,2025-10-16,Icefall,False,6.4,136,"Action, Crime, Thriller"
False,/gpJr8wRED8BpBVaxM0eODQEBNwC.jpg,"878, 28, 35",650524,cn,尋秦記,"In the Qin Dynasty, time-traveller Hong Siu-lung has lived in seclusion with his family for twenty years. Yet every step he takes remains under the watchful eye of his former disciple, now the Qin Emperor. On the brink of ultimate power after conquering the six warring states, the emperor is suddenly ambushed by a mysterious team wielding advanced weapons clearly originating from Hong’s time. Drawn together by fate again, Hong and Qin Emperor are forced to confront the long-buried conflict between them, because the future now depends on how they settle their past.",22.2166,/h3OUaPfCaFmzwB2eMHik50RsXlP.jpg,2025-12-31,Back to the Past,False,6.2,21,"Science Fiction, Action, Comedy"
False,/4XM8DUTQb3lhLemJC51Jx4a2EuA.jpg,"28, 80, 53",385687,en,Fast X,"Over many missions and against impossible odds, Dom Toretto and his family have outsmarted, out-nerved and outdriven every foe in their path. Now, they confront the most lethal opponent they've ever faced: A terrifying threat emerging from the shadows of the past who's fueled by blood revenge, and who is determined to shatter this family and destroy everything—and everyone—that Dom loves, forever.",23.3294,/fiVW06jE7z9YnO4trhaMEdclSiC.jpg,2023-05-17,Fast X,False,7.002,6227,"Action, Crime, Thriller"
False,/6kzl59vQvnEVMMd3gVo5xaEA7n5.jpg,"10749, 18",369471,ja,ダイアモンドは傷つかない,"A college student has an affair with a married, middle-aged teacher.",25.0969,/mNXJeugqzzWPRfclrFwmkefGaOr.jpg,1982-05-15,The Unspoiled Diamond,False,3.6,5,"Romance, Drama"
False,/a21fC2MBassba5GwzaJ1Tpdapon.jpg,"27, 878",31119,en,Monster a Go-Go!,"A space capsule crash-lands on Earth, and the astronaut aboard disappears. Is there a connection between the missing man and the monster roaming the area?",19.9397,/qo7KOaQjodrJ2KfHjQaUwi6MTKw.jpg,1965-07-01,Monster a Go-Go!,False,2.188,48,"Horror, Science Fiction"
False,/8P7DLHSqtuGX5hzWfRHXnU5Pov0.jpg,27,1480387,en,undertone,The host of a popular paranormal podcast becomes haunted by terrifying recordings mysteriously sent her way.,20.6325,/1wREWUEHzjDWSreNFbFLDO7YEaM.jpg,2026-03-12,undertone,False,6.0,1,Horror
False,/xmnqFHhGNYHf5JFy4GSfiIEG0ly.jpg,"80, 28, 18",1429738,th,ตี๋ใหญ่ ฤกษ์ดาวโจร,"In 1980s Bangkok, a wily thief stages a series of daring heists, baffling the authorities and the public — until one cop sets out to take him down.",23.7103,/ig00LBM2rv4fmCJOPATyRWOJnlL.jpg,2025-11-12,Tee Yai: Born to Be Bad,False,5.256,45,"Crime, Action, Drama"
False,/nv5wwZou159v5OC61i4ElR7OqyY.jpg,"14, 16, 12",4935,ja,ハウルの動く城,"Sophie, a young milliner, is turned into an elderly woman by a witch who enters her shop and curses her. She encounters a wizard named Howl and gets caught up in his resistance to fighting for the king.",24.4274,/13kOl2v0nD2OLbVSHnHk8GUFEhO.jpg,2004-09-09,Howl's Moving Castle,False,8.386,10876,"Fantasy, Animation, Adventure"
False,/sDTnMOJ3H5wI38OxObmCtK7wfd5.jpg,"16, 35, 10751",585,en,"Monsters, Inc.","Lovable Sulley and his wisecracking sidekick Mike Wazowski are the top scare team at Monsters, Inc., the scream-processing factory in Monstropolis. When a little girl named Boo wanders into their world, it's the monsters who are scared silly, and it's up to Sulley and Mike to keep her out of sight and get her back home.",21.2134,/wFSpyMsp7H0ttERbxY7Trlv8xry.jpg,2001-11-01,"Monsters, Inc.",False,7.847,19548,"Animation, Comedy, Family"
False,,"36, 12, 10752, 18",3100,en,A Life in Suitcases: A History of Tulse Luper,"A comic study of 20th-century history, reconstructing the life of writer, creator and professional prisoner Tulse Luper. Born in 1911 Newport and last heard of in 1989, Luper’s life is pieced together from the evidence found in 92 suitcases scattered across the globe. A Life in Suitcases condenses the six-hour trilogy into a single two-hour feature, and in doing so, accentuates the project as a filmic essay in multiple narratives, listings, sidebars, footnotes, commentaries and anecdotes; a project for an Information Age ready to understand that there never is a phenomenon called History, there can only be Historians, gatekeepers to vested interests.",20.8329,/8JlACETC5KibBxpfeMiNBzUNNEQ.jpg,2005-07-07,A Life in Suitcases: A History of Tulse Luper,False,5.3,3,"History, Adventure, War, Drama"
False,,99,500948,pt,Um Moço de 74 Anos,"Documentary about the history of Jornal do Brasil, founded on April 14, 1891.  In 1965, the Jornal do Brasil marked its innovative and active position, as recorded in the documentary ""A Seventv-Four- Year-Old Fellow"" by the filmmaker Nelson Pereira dos Santos, and the story itself was in charge of confirming. In the following years, the newspaper would witness the most remarkable events of the second half of the twentieth century in Brazil and in the world. It would applaud the democratic struggles and independence of peoples, support social demonstrations against oppression and justice at all levels. Tirelessly, he did not hesitate to report the truth of the facts, regardless of the circumstances in which they presented themselves.",20.523,/w0xa8BxGKQvAg5lcAgS6V3SIo8j.jpg,1964-01-01,A Seventy-Four Year-Old Fellow,False,0.0,0,Documentary
False,,"10751, 35",990627,tl,No Retreat...No Surrender...Si Kumander,The sequel to Manedyer si Kumander sees Susan Roces and Fernando Poe Jr reprising their roles as Benita and Gener.  This is the final screen collaboration of the Filipino filmdom's royal couple.,20.6775,/aO099uWyWMzStalL7MtOnZxPxp0.jpg,1987-09-17,No Retreat...No Surrender...Si Kumander,False,0.0,0,"Family, Comedy"
False,/eQsellX1IeGaIjv1w4JBzoOrvmf.jpg,"35, 18, 10752",354287,en,War Machine,A rock star general bent on winning the “impossible” war in Afghanistan takes us inside the complex machinery of modern war. Inspired by the true story of General Stanley McChrystal.,21.7074,/bU2Q2rCH5VFrJNKSyx6wSmQZFsX.jpg,2017-05-26,War Machine,False,5.616,1216,"Comedy, Drama, War"
False,/96hiUXEuYsu4tcnvlaY8tEMFM0m.jpg,"53, 80, 35",680,en,Pulp Fiction,"A burger-loving hit man, his philosophical partner, a drug-addled gangster's moll and a washed-up boxer converge in this sprawling, comedic crime caper. Their adventures unfurl in three stories that ingeniously trip back and forth in time.",27.6291,/vQWk5YBFWF4bZaofAbv0tShwBvQ.jpg,1994-09-10,Pulp Fiction,False,8.486,29811,"Thriller, Crime, Comedy"
False,/7QBBvE6tA1kUlo7AKeZZMygdSHp.jpg,27,8689,it,Cannibal Holocaust,A New York University professor returns from a rescue mission to the Amazon rainforest with the footage shot by a lost team of documentarians who were making a film about the area's local cannibal tribes.,19.8273,/otxZzMh53TsN7yYFqSZ3rwH1yMd.jpg,1980-02-07,Cannibal Holocaust,False,6.271,1818,Horror
False,/tN3pTxkQoP96wtaEahYuRVdUWb2.jpg,"878, 53, 35",701387,en,Bugonia,"Two conspiracy obsessed young men kidnap the high-powered CEO of a major company, convinced that she is an alien intent on destroying planet Earth.",24.2857,/rSdOua3wKMEaFWDcKAYWRjXQWOt.jpg,2025-10-23,Bugonia,False,7.35,1591,"Science Fiction, Thriller, Comedy"
False,,10402,540825,it,Royal Opera House: I Due Foscari,"In Giuseppe Verdi's little-known early tragedy, a despairing father is torn between love for his family and his duty to a corrupt city. Jacopo Foscari, son of a 15th-century Doge of Venice, is convicted of murder and treason on a trumped-up charge. His wife Lucrezia is sure of his innocence. But the Doge, trapped by the machinations of the city, is forced to make a terrible decision.",23.5364,/vdnLRwoQT11THS3RAUflWSh0INu.jpg,2015-04-30,Royal Opera House: I Due Foscari,False,0.0,0,Music
False,/wHmvmHwTTJlZDskWScifdt1mj2G.jpg,"18, 80, 9648",65532,fr,Les Inconnus dans la maison,"Loursat, a lawyer, lives with his daughter Nicole in a sinister and vast bourgeois residence. Abandoned for nearly twenty years by his wife, the brilliant lawyer has sunk into alcoholism and his relationship with his daughter is virtually non-existent. However, one day the corpse of a stranger is discovered in the residence of Loursat. Nicole, who frequents a gang of young people who escape boredom by stealing cars and other objects, is immediately suspected.",20.253,/6KmXdqNnAoAKOQgXaJtb6geaU7g.jpg,1942-05-16,Strangers in the House,False,6.975,20,"Drama, Crime, Mystery"
False,/rvtdN5XkWAfGX6xDuPL6yYS2seK.jpg,"80, 9648, 53",414906,en,The Batman,"In his second year of fighting crime, Batman uncovers corruption in Gotham City that connects to his own family while facing a serial killer known as the Riddler.",22.9465,/74xTEgt7R36Fpooo50r9T25onhq.jpg,2022-03-01,The Batman,False,7.657,11680,"Crime, Mystery, Thriller"
False,/2Nti3gYAX513wvhp8IiLL6ZDyOm.jpg,"10751, 14, 35, 12",950387,en,A Minecraft Movie,"Four misfits find themselves struggling with ordinary problems when they are suddenly pulled through a mysterious portal into the Overworld: a bizarre, cubic wonderland that thrives on imagination. To get back home, they'll have to master this world while embarking on a magical quest with an unexpected, expert crafter, Steve.",22.6529,/yFHHfHcUgGAxziP1C3lLt0q2T4s.jpg,2025-03-31,A Minecraft Movie,False,6.274,2836,"Family, Fantasy, Comedy, Adventure"
False,,"18, 10749",245542,de,Die Magd von Heiligenblut,"The wealthy farm heir Toni loves the maid Maria, but is supposed to marry the wealthy neighbor's daughter Annerl. She only has eyes for a penniless woodcarver. Only when Toni's stubborn father dies does a future for the lovers begin.",19.9318,/dUlqygz9jJL0Rq4eGV5Dwfrelpd.jpg,1956-12-20,Die Magd von Heiligenblut,False,5.0,2,"Drama, Romance"
False,,35,128610,es,Duro y Parejo en La Casita del Pecado,"Inheriting the mansion of a forgotten aunt, José Luis, a simple apothecary leaves the countryside for the capital. When he arrives, he discovers that it is a brothel, inhabited by a bunch of beautiful girls.",19.9686,/2Dt48zWeVLkla410Crkp0IDgpok.jpg,1987-01-01,Duro y Parejo en La Casita del Pecado,False,3.833,6,Comedy
False,,,675982,es,Tres Romeos y una Julieta,,19.5046,,1961-01-01,Tres Romeos y una Julieta,False,5.0,2,
False,,80,647433,de,Zerbrochen - Ein Fall für Dr. Abel,"A woman dies in a Berlin nightclub after being overdosed with a drug. Abel's children, who have fun in Berlin's nightlife, are also caught by the murderer.",19.5609,/l4rN5Y9N1FNbjFl9gRkfS64Vuiz.jpg,2019-11-04,Zerbrochen - Ein Fall für Dr. Abel,False,3.167,3,Crime
False,/8mnXR9rey5uQ08rZAvzojKWbDQS.jpg,"16, 28, 12, 878",324857,en,Spider-Man: Into the Spider-Verse,"Struggling to find his place in the world while juggling school and family, Brooklyn teenager Miles Morales is unexpectedly bitten by a radioactive spider and develops unfathomable powers just like the one and only Spider-Man. While wrestling with the implications of his new abilities, Miles discovers a super collider created by the madman Wilson ""Kingpin"" Fisk, causing others from across the Spider-Verse to be inadvertently transported to his dimension.",21.8631,/iiZZdoQBEYBv6id8su7ImL0oCbD.jpg,2018-12-06,Spider-Man: Into the Spider-Verse,False,8.394,16946,"Animation, Action, Adventure, Science Fiction"
